EUW1_7351462485,CLASSIC,30m 30s,False,Darius,7,3,4,mDGicWPKxts1dNDcDTLpIEVl8oC1j4xdBBFb2GQUAZzNs0KzdTRCGLZiyyAf-s-AJ9pdUibGkYn8RQ,00W6ruFPc9BwblM4eMdSfTPLJAGDSsrh2Vj20mRNeNxXNnva3I48lNXZhyk_gjkJEKFB_i7TG6s_1w,in2oWZSUnjN89rr3j8PGRF18UTxB-AO3VMrY-021fH8mgWjd8k2jsxj9aYV0Kz9adohMt_O3jzeG-w,9h5Yg3SXQ9M06Y0aihgeYwccSMbbnJy-GFKl2qwvBFi8R0Mw94sHI3QaEaNbnS8M6vbIbZ9AqfTr1g,lHngsaf55Vw0LpgeYX0xAJHOnlegVVHOQbISgKKVcmRCbp-qJERds8r_5P5FZHs4-bgjHrxTZAst6w,OnxkzkNbGGzbuuTggAZso-83IE-46NR7LyGENDwGGwukWei2yd61KrygHKQlwGd7s9qliZp6EjJvGA,uTfFB70xSxORcSgf3XQaju-5SDfifSbIOu74ISVyl0tF3dI4OWpPlb6ohndczbMvKSLQwSc-DYnMPQ,_BLcCr53NUrAUJ5ErTNEj9KPeJiGIjnMsR_kyEkKMsXE0lbD3qXWWqjTZ1bzUOLgDfWg3LeI-SxKAQ,GqNXOtHGl7jRCu0J2qDqg2TAs8wSebrMe-nztT96nVH8UrH-WBaaNHfetAD9KWnXGb_RNUiOMRxHDQ,gh939HFIS1NtGEIYNUcvt1mkniEX6P6lY6Zi3tG05Oli4MM9rHYTQA0TZhhVMo_apU9iWvtutVbNSQ
EUW1_7351436294,CLASSIC,2m 7s,True,Garen,0,0,0,mDGicWPKxts1dNDcDTLpIEVl8oC1j4xdBBFb2GQUAZzNs0KzdTRCGLZiyyAf-s-AJ9pdUibGkYn8RQ,hvZ-TEDKXpaxMKXXatMJLptH2WiqxXKTI3UDl4tesjagWOkTVDGrngelazk0FdJUxun9GH2iR8GfxA,8q73igNEvexCHnJ-CT23JMS3N8NWl00B50P7FOq2aErUJ4zxBWVHJzFf6ZrjwjTsNbpv9rF2jVrJrg,4B_HEQo4L6tqP8kqNJm7j4bhas5mz8lVZF5ehssZU8mKqpZRVtsro4OmRQAfZstY2idx4yGpkxLz5A,ZA4zGdEodiUD_u6btz71X8pkD0H9FecPmN17HgfUIpC8G5edt8A-LchlD6f6n5CD5Z0OKU8D3KGLcw,4gGjYWuClo_XgskaaOtyvQgTo6qOZFEU13pUs6H6S9qnvJVaa0z141yiP6AHSxYz53yHRp_eZqkgmg,_cih-W3SkjickFbJ6e_xdjBdRss94iApKqHc6E4maC2THWxk4TzLkjp_Ty7DIUM5Dq7zB1X8KhGAtQ,dzlZqVZ-eabqb9BAQFuWw26JBGzwo7dIVBE0_2WVdeAgmwMk5r1r9lG-HkYw0vTMD63HpaWLjOXO_g,EvdG9mvCDFtDbwFWskolzTnW9Fhexjnjp52AB8vNSryXM_P2x3nENzmdNiC4BiJTUWORkt-fE-gbLQ,DbX5qdpW9p9q-_C15PQC4dsCDz9p6apeObbiDBurx4oiJLu-FSlJLOUNZNieMURld56NzkgPS3P-lQ
EUW1_7351404275,CLASSIC,25m 22s,True,Darius,7,4,0,DsPCWtZ9tsL99jUJjs9Vu8pEGqKVGX6YneD5UVo0p5IftpcjGkzQhky8WO1fPXiVQ1tlMiiCe2ZaGQ,Moc8w2GLCyCoSh9-Q9EnCDvT-shJ0ftvpnBUuI4OfJEUMI4QM56zSV1T89HL1iy3czpoN72hujJ9LA,ywwEAKoz8BCykqa47frOjf0HA9C3EAovgZgjEaJ8wx1d77cxAP277IjbBMj9s2J27Wp1l1rQJ7h-oA,3WZ7LCyrbaAqzv-V9R6di64W6kYZKdAl1ti71SJi4Du6desQcoQixFYM6N001wE9tLzhvDvJiR_L3A,-vmsYdCPHH6JHhx1EWAI3dwq6agR-KQ0KnnHrJfNqtlhLihI90C2De8RzfBASLQBWqO5lAHgBWLQmQ,mDGicWPKxts1dNDcDTLpIEVl8oC1j4xdBBFb2GQUAZzNs0KzdTRCGLZiyyAf-s-AJ9pdUibGkYn8RQ,kyRpJn9d0QTiAcoGf8yY0FG2ygUEv2mrqal3erfyv1z9hkZM4NiX_vInnwAjWxne81RmMARVJhRK-w,wvttl0JyNMpoJG4ea_nyh3llhq6FtzjVZZtP_NZ3ye5A3I0ZqkiKiwL_fYNlkMsVyv1BSi_d4NJWkw,vUBz9Tm6fvB0Zx9-7zT0wsvMvoBB9A0p8qsxxewEaexMn7y_LC9fMuJVJxAwwPlv0xvJpDqKfj8_jA,slKWBxcl-nSrtNlkz5b_A9B_HUfKV2WsOpb2oggjBj21v5FJF-jvP3svFeaNWfJ_uENB02o1ztlqLA
EUW1_7351190467,CLASSIC,51m 50s,False,Lux,5,29,19,tioSXtyDydFXiZ00eqK1ohZeTPfr84rvIPiTEaSXUM4KB3rLE7Pp5-Twf4r6ZYoCiyIU7Y3rY1Vcvg,nCLqlWzMgEQ6u0dNCxTJccCIJmMEJKKzluNeN9qqw4XMkpbM_3sFHgIgo87KpEnlAZDcxafDiidBxA,mJTWLmtIxOhMzw20sP5MI_Coqq6DboKv0_DAZC460tJH46RS2Nx7WmxagLljxzPRqpIHbvwbjcBTLA,Rk7l-7fNgZ9C2EQHRBkrYP1e2c7-_NLggHQeiVTLvmxWnHecBDBOhcF6W3obJo5boXctERy2EEJo4A,mDGicWPKxts1dNDcDTLpIEVl8oC1j4xdBBFb2GQUAZzNs0KzdTRCGLZiyyAf-s-AJ9pdUibGkYn8RQ,CYr51SraB2K11HsWIUnQ9MASN7PvtiGm1luO4n4Ea_ch969URtNjltk-cxBI1NWQRq-KI3bSp28VYA,QWLukh9ES3sr8INdWByHGaJX6d4LvU-DEw_LDSfa6WMalvh8JGngh3sByehEw_N3spxrl4C1T4ZJPQ,ARR7cjyqm-WeD5szOdFXx-8PDp33aCmQfCRiwFsBf13k4IXmvmmHI1iDxkODtzDUF4S8umPX90pceQ,ZpZlBiV6aDpUIBoXE7hYGb5g1WeRFM0j8sLlEJ21K5FS3OZE6xA0PQtG3ryHB6gcvn_iBX3-P0Cmtg,HmuGtDhlTploQ5Q7tcrtnlsrs1zGkP6Yj_Izq6T81DzHQeGUljNaJvx0IAxIDXgHKKA8k0eKQxDzNA
EUW1_7351149798,CLASSIC,29m 29s,False,Darius,10,5,5,mDGicWPKxts1dNDcDTLpIEVl8oC1j4xdBBFb2GQUAZzNs0KzdTRCGLZiyyAf-s-AJ9pdUibGkYn8RQ,eB5u4aBuK_eP4P0PHebAQQ2PBKlJQMDY0QB1cRpdycNDIBqOuwOcNBsgn6FKShxn9jQD1T8oIPvL4g,_svm_VanHGYWbncVPKWYYjUEtyBBy6dI0EoAbybHOM7tR8z7dfiG1B6DpxaShUB3E82pbKV5tItXrw,3lNSUHfW54QyPe95N-XO03jntWdyOx4HwXi2qr14nJKMcuOiuKQ1wLFH4F-KgaxpDOZmnmvD2Lk5FA,7aWNBWkyeoJSr5FvzvTOsWrO60MoUjlWk2kJGXtdz2lktzCv9_973EYAf0aVuGFgoTCAGmjMS9IQXg,nMVphkEeQpb6tY4MSguY7YLuVUShde7JiHxifgtggOehTw7a5m72wm9rzlzUE--j563iOjyCEZHHPA,lh6diEwuehPJYh_5rMINb0ICHirp2Lsuuw1MdUilWsIsLRIH3wP7lUDBMrx17VMNLu1_BkWyUTkvWw,Xz2V_IXpN_BSnt7rmQgl-d-IqpgRW1JLqwQTpXqcxYDBzOtE7joFh0QUFb4behec8QrDClG4F6xQvQ,YW3RUAlb6SfQYrNvFa3bnc4gw9xuEc_Hi9C85WfNCJ2LklQYD5McBSuhx7Z41bbshFhiErqQPYWxSA,LdI5mOGGvcrGxbzg-GZmjLjmoCB5UGEkb8SepucbkgOJQ4BfxgE6xAa0GdszC2d4LolQSSbaHYTrig
EUW1_7351103988,CLASSIC,39m 18s,False,Darius,3,4,10,mDGicWPKxts1dNDcDTLpIEVl8oC1j4xdBBFb2GQUAZzNs0KzdTRCGLZiyyAf-s-AJ9pdUibGkYn8RQ,JGeuD9Rnjn1KiCOpecBBQWY0tNB6nEgdVnLTc--b8rW3HRQiCnchExH0FzoJUd7P-ZpvmMKJwfFRMQ,9Btdms0vQFlTHEucWaBorhf64hmrvpG6PlIH3N8euh0A4WBGwMKg7hLvTPQDmWzjhXM2BYAFXLc6hw,47iARTTdRb_6btXooyI1Hr5Kihm0aGFlqOWUxDD9c8W4pJpFXF1P30uIEbsM8jK5oppjqWoGCRTjDQ,_xU0fIlBGBUWuumoHTXhJmBPMhgaDNCykGv34gxNtgYgIdZWlCkw-8TW_QPjjsTJiYrPgggV_DM7hg,7f6Ex3uFsb8fpHcLfiJy8N2dTGS-Txr1EOD3eMq7a_7-NscZ2FTVUOXJt8J46J6KW4nfKw0EnKI2CA,Z9M4xQSm2VPiCQ2O-JEGhwbXkgZn4QYv-Y9z4WCi-yMOb3W5516HDMdlvAvEdq9RU6gJ86WwieRpVA,t-393IHD3xUL7y1aVo3vciIz65n87daz1RXiO4BS1j71RF2baDxpboTrvOADFQVj12JkSPD6p4v0tg,gAVOyt9aDJE4N2m_DJ-CrrFOJ3SaC-KX8vOtf8MqIDX3-9l1k0BU0H7RPyzO4uE6sUJemN7qCdXbug,G8QAhuUNOJuwX2zgStiu1xANB1hMsuEnLRsv2UIUUM7t2rFaT8JG7WzyOYT7O23VPA8gTgNWAx4WBA
EUW1_7351064429,CLASSIC,31m 52s,False,Darius,3,4,6,YFeMzg8OUrt4YB9D0sJL71Qxz0YofqtYPKHKhtD9Vuz8ol-J4LI4CXlFDZzxLd3I1hg8MvuK5ITHSQ,_JYkflMiji7FYxORhiutJDzn12VTl8BF8DaF2olSlHz_o2Imy1P_mLC1T09UDqnvSFx-z3xcH04uMA,oys0R3dlCstiRZfbahA593vtQVN0XIlQEXrF7hWSn3NfOG-xFez-zUI3-KvAftD_iM22s2p8_LcWTw,b7A24MnOcnY1lLFQ--YQXT4fpP5W6ZXG08cNwfqWbNB0PWn_HCg1Tk_ctEHY64rl4KMEzdMmFbQYjw,VR_-iA6uIkSthQmW-Gxt-QpS5b63TuCLnVUVSCkCrnQrU1UE8mmM6W1KQ6jlECOyB98PDPYKgiZqbw,mDGicWPKxts1dNDcDTLpIEVl8oC1j4xdBBFb2GQUAZzNs0KzdTRCGLZiyyAf-s-AJ9pdUibGkYn8RQ,O9njFZPvR6sIhKdhPDiU4DIwuEgeKLhTOQf-Z5umjL2zAOYWEv-MsSxErh14hYnHE85u-tEwtgKcAQ,RbVwrbknmah-Ot0PILkt_SSY6Tf3JROlEMpYTNtY_8KMWi-Bkih71QlKRNBfIVVbXDtLLjqruiEKiA,hJRI13bmxQFlhXZjM2tDf5WadDu4ve3iulYeg0UJu3Q1z0tnmx5F0tmpRJxoqtLGeJlMhS4I0u2OKg,PzokzlIpFlJy5I6TchnlX0S_pk2QKNooKpI5s3CABEdl6waRCKL7q25vZFlUseaQh87OvNIfaXbQ5w
EUW1_7351036223,CLASSIC,27m 10s,True,Darius,6,6,1,mDGicWPKxts1dNDcDTLpIEVl8oC1j4xdBBFb2GQUAZzNs0KzdTRCGLZiyyAf-s-AJ9pdUibGkYn8RQ,1JjG5LOq_n3DyVGYpIUCclS67IU6mgVVDphSSqhlaWi7CSsYdHowaNvYWyQKbgZtL8OTq9lo_anMqw,lDvWedfiXrf_CLQuKtzzvAmv5Yyw0JBSWnkCO-OeOebwxyAaM1aNPVUaQkeGmprPZdbcKYjfeVHSvA,_mJM4AxxLejv_1FipK7YWA5kZ_1bIQSkqda77kD2blupb166UIKfTYyJ_dPD2gZ-_ODq_9mMeEiBFg,UrUY9c0Bd3u7V54IfhoulnzuQn0Ifq5Rylpx5224AXzWk1eYOy-1TTpLEyKWCMlQ1u-Bq8hSjRKNYQ,llEEAjSW_Himw0Xd3-vDm2yGh5No6dxWmEWWds2rNCO46I1Qc6PN7CJlvcfBSehLvlG5S4aMQCKbqw,xn8__ueNHiQuZMVWFplF-JfTQvhUzNY9c2AEJd-9EtRqHW0Pg7lhhJQeMRwiP2vJO-0xOjv6rSV7ww,6JeeK2ROGoKKMSWYhnPFvHeyRNBA-eKdwd0VK5hAMImEo0rlhRl6DhsaqN_bavNeUwgGnW4B37NIDw,Ro3wy7hPvkej8VAfvWBTNwBnQS3mlA7y20_COlHhhkrigtYhAdxR5JlmDENuWJz64H2QrQXRr6AcMA,Q0Js_Btuk5Y6UHSFR4EuUfuBwbNuSCFityh2UUyMlOnbjAw7o1L0NBkkq18I7tFFn3C7vfrYjUg6YQ
EUW1_7351026328,CLASSIC,1m 48s,True,Mordekaiser,0,0,0,3o1QeThUlgBhLBgT7Xc9_KGmB2XoWRnGGs9wikGKm86kHLiXoLs__54LGEJaC9KWHZLWhLY-ilw_Gw,y6KFWSP1QmlrSSNPUeLFK5sZbAjezYrIUEPJy0t0jn-fFsEa8SKWdTYI_hLippDz74t0r_BvvepG2w,CV9aAj96ucAXBP4PET_s5VZHmutpzRu1lEhUlVAiN6HBG8MBh_Uu7lPHY0QIv7ZBICOFFOVSSueIPw,028AWUF4nIXtlH3nrOxVSnPI9FZ6jG1AmDS19R6A_4eu_HomhV5V0mUUcq_ZFW5G2dISlTdqQUuq9w,GCvtY0wCAHsTVzbeTmgcZ0Ai7dqF2qG45QVVfUPDQYpLZinCYCHWQCZ3-IXaf6faf1Md6yUvMo-tXA,mDGicWPKxts1dNDcDTLpIEVl8oC1j4xdBBFb2GQUAZzNs0KzdTRCGLZiyyAf-s-AJ9pdUibGkYn8RQ,ecNvF1fvUKGGiUysYy_KG4WmEfD8CLiW0KtLmBrJtMTLmEyFFZK33c8QRDuTgwSBUGgaRVNe5Qxa9w,qAxEpW0Z70hTkJdlav_6Ru-5nrOwGr4XvO5tC3W9oSbVqRsUVljxVvOGXn4iaHYb8wFjIaIrSRBKGA,bUC3dqRXyMHjUpfKL7SQYpsc9sMUpzjDP1DGBnQvsCeITQe7YhMKEKGR286UhF8TuldS1mQzZfRQdw,5pFG78bnYfZ8y3wdOeyeA4l22RcrbK1TCcNs3D-A0crvflX9QtzqeIolXMg-OQsrss6HnkWq6ishkA
EUW1_7350137833,CLASSIC,33m 23s,True,Pyke,6,9,8,54QJBn4S8g2bkHi26yqiqcYP-oSvEJtLIlhtXFMAlqX85ox_mzJeNecfpavWaj-aCFIuiNPt0vRU3Q,883Qc6v75qOYObeEEM8We8g1-YP3jUwVgjZpUdZMMsuEWfKO48NHjUT2Cc1DnmPNdw5DhH-Ty1OUgg,C_VZcoaABeoEpYXDPW-XWWnp_YDc0HpDT18tr_K44o5pUmt3s7viHUmRIBgA-bdCea_lv8u5qhUozw,FxsNrf3HyDpjsKbcpf-ir6TLJMLJEED3x9QvcoslIXTl9kdTXyAEHMhtauQAamex7FDPe0NmRRs7mA,mDGicWPKxts1dNDcDTLpIEVl8oC1j4xdBBFb2GQUAZzNs0KzdTRCGLZiyyAf-s-AJ9pdUibGkYn8RQ,vxtkILOjkmPohFstYesYnztQ05Ylufd25zMRPpxOmwA4Q45BaP1HEUr9TD3JcA0yraqtUuYXWEewnw,3_YxBXHj1O4egjm0bHerxpBO9JGRVezMi2m8QDPbdAvCLpgQC24C3eNNQ3JBIqXcDnfTLuz1IdRBEQ,Cb6OiDaby8njoYTnPvwZDrpS49wJlIiyh7V-VBwa9MozWuY2vvxvne5nYZlVFERqbui0nR1SaIR3PA,duoahvf6Dw97uY2InR6qju4je94-WGQ-Bk95alDW9wzDK-DG1A3l8YZQof_KrV-sE7PrqU140mASXA,G_cv2UEjlCuSdypkkRlzQFBFT2U-eRaaA-_2yF0al1dGlDlfP86EDWUuhzfhPj4DLg9OrDrIZn_SvA
EUW1_7348828133,CLASSIC,30m 50s,False,Mel,5,4,12,ZuTjaeTswY1zB_dbjxB36Pw0TmQC7Tvrv5851HOtanA0bAtDaRE1p25owVkm0crS5quRwyCXZHgFVw,A5oHcw36h-BBd7F2QoQVVxvEjCtCZTu6VqB3lhdh0zw8OYlTcFpNeE27xQVf4qHvqQsZxkZVUDn6yA,SfOa5pTocjQKo4NK5UqoBZQGoY4uffFZRUJRuXUT0uujXChEwBWegEGPKhAFckfWaCefATRty5LArA,yFqwNgKXG2dTRp1xrKI383y-WaQLNGrwninhL5lRDrjs3ABZ7DEngyb-hASJpgbqc4bxpiJL8SN-cg,kKgLi-L1JCuIZiLvgOWfT0GKLc-wuiH6sQTqCX9OkJ91A1r5MvEbaHShS3yc2Wa9_ReMw5U4ko63ig,57WsSkWcUdt1FTAcBPRK2FtMmLCTI5pIhyznPJnhFB0dvnSa7f2MlMt0IF4FdX_YFanYTgoE5GB-Vg,1Eg_dx_Hnw9x5duA0pF6Lz-g6QCD0sGzIJgsbV3qA0zB36KTNWwJpWuBqpHbomsNT9zguQU9XbqWwA,qpKZpeNaxlbBEENw1kVFiDALhlH1Mp6BTAxsezTmZPKiXbAc4TKt5bAbs4e4PF_vwfqzKqQpEpBfBQ,QPJIxQ5VJrVnmBnLrgbRcGZOKtvNEFR6XREYXiGb8Z3Z7jQKOcXSCBlkQV2Ef1LLLCyj_KNzD3lX_Q,mDGicWPKxts1dNDcDTLpIEVl8oC1j4xdBBFb2GQUAZzNs0KzdTRCGLZiyyAf-s-AJ9pdUibGkYn8RQ
EUW1_7348470854,CLASSIC,21m 5s,True,Darius,5,3,0,9P89qmRzpl1sVJ-XkbT4BX10YSoABIUfpNGtn4x0hFiSGupjx11L2YSfmjyQsqdlPqLHRfSVAVD-mA,9eFC3fVDzID4_I9svXjjX8cs-OSWCILN-_ksYlHVyq52NsQ5vOuGy03C8GjkcsYjum0SBXCcozeBnA,yer2z9kBlxQU9AsmFt0np_KK5WDQ-f768A33rFJsgYt9otWZrd0L0J7ECC1KNSHtEa0NV0TRKm8AHQ,QEtuMpI4MyWa-J9kFBTL74mHykXfp7OizBIlnCKA3FSzjceZ_1U5puzHh14vJRYHfUb8OW2RK7UF_A,YVxk40elMMuPFNiGktPTw_I_L1KjHCT1-cka3VkVVUQnf5Aly38GKdOEI-wMXWgh5YnJY7KOXsMsWA,mDGicWPKxts1dNDcDTLpIEVl8oC1j4xdBBFb2GQUAZzNs0KzdTRCGLZiyyAf-s-AJ9pdUibGkYn8RQ,q9mPKoSZZe_2MPuFJlwJwZ9HFfher3gtR0O-PF1y-bk7bmz_HCitHnq0zdtCldXQcKIjItyVn7X04g,YTFL9SQz9W1meLfBodedRTI6XR1aNeNPYNhAJc7ZfjrDBzWhIrH7xMz06T2bfS_Vnqlnk6sFRsh4qA,qVfGALwle2oGrhoDRdpIixoX22Wte6eO8Rl0HIraVJACOOO2QsYvJEoAra13l7kNGulIJAQDHgSVWg,ti5T-OiWvO0skQiekUf6s9Ot263Ea9fXzrJrYW9wI2yRoW94JOuYeXEeigw0GhGmL8COEux4dDYEpQ
EUW1_7347598114,CLASSIC,25m 40s,False,Darius,5,3,3,LVbZPI7TDctDlZvG1sNK73QkjGlEuIFGw5VaYaoRSvkGWqbISSVPwSsClnbN42dLTA7vYRT90u7BbA,vq_Xm-KeB_XbQjPm3A-B_0gCZuJMAP0zH3lReAHpHKFAd4KCBfJQlrV8UKhS9u2duPkI7XxORXFzqQ,hyqNPIl8PvG09kdTojvNnNirYv8Kcz4mKOEakaJ7kxkhfB5-IEcXoxzFMCr1lxStcSkqPqCSVYhrGQ,xCF9NDyoQ5DVk00jC3gU2J5wmhdwrySz67_fxVEkxKPibYZ44NZn7wPUtN1MbQsYbvyfszRA551S6w,9LeaiFaDtOW7hklUhSCGlrDrTURSx-7fFr-82hy3b_dEQq1s64MM-68QFuRTYxXXto7l77kG33lwEg,mDGicWPKxts1dNDcDTLpIEVl8oC1j4xdBBFb2GQUAZzNs0KzdTRCGLZiyyAf-s-AJ9pdUibGkYn8RQ,61VPgOgAqeeQtxz3v1m8117Gr0EdgSQMUQS25VW7Rbrx785BZddFXlGymkSGDToAgsJxiVXfIFUaDw,VZKyqZUfMqFPgEm1dGYb3TocAf9daxh0jpqnbV2jzo4tK8z0KvGgHe2S048bgtuYxcqEb5QRgRe9ng,bco4wTP-oE3JEcbw3WCY6nbyqY3qDLEZzDkjLHjMu1ozReLeHLxyxdLlemd4KbXWNXFyYKwkJRZrIQ,eqPNoBJqbdgvxpgJrTgzwZhVI1oAa_fRBkzdx_fIjdfea54PkHs9EYRUKJ3u2cQ921wPvblR_dshmw
EUW1_7347543656,CLASSIC,37m 40s,True,Darius,7,12,4,mDGicWPKxts1dNDcDTLpIEVl8oC1j4xdBBFb2GQUAZzNs0KzdTRCGLZiyyAf-s-AJ9pdUibGkYn8RQ,EzW7CRn1Gmh1Qad7COhrhOERNoGuC60qXLpWdeQ66Lrw88oL6Dp6AtpWzy2PhfeSb3GcKnxITXa9Jg,KEC0HoDq-i0mupaeIOlM-G1JPsvHANItZ1jWnGAK_oJ0IKpYIXEQTkMaGcKLxW1rL5I2fW7qJFryLQ,dePw7R2pEbrmXhmnHv5-i6Odlcksw3NH-m0Xj_0uWZz0umxGxZjmE2gisO5of5iC6m1mMeZZgpU6iQ,c3dGoSxlJ_8I1qsVigLXgTpPHz4HUUI_7Z_v_XALi3EWn_wTWvw0_5mgQaSl-YpvndAdEycd4nhaUQ,e-6vd8VyqDz5YchqqY6SVcXd6O6f0sNJS-zEhwn20FscqXJ1i7i5BAo_F0xEP_aCny1rlzdz5Y5B3Q,1JSvfImQtpp_nJObPk-1wyTsckvIAsuzf8cIlZHBSjRcu6BjWts1A0BY3cG2N_AWVR9c7PtVU3fzdw,BgmgJYqObaf0AN41Tgped1S-Uo-9kOONPmr6x0y79_XGOToORHs-i1OoY1bPAHW6BIx7fDt_K8sdVg,dlxqEYEjhPEBIww8jiu_YtcWoVF1rxfYRa2Jikl9MczSqkDW6Zd08CY3PWP6qjXi0XL4YZTMXDfpJQ,0pufhlaSaawjd18zRALkP1aDtshoz_HKx1ONzu0-knp1aZEmVKoYO-BXcjPfASarxVBh1uf5n7-SYw
EUW1_7347429479,CLASSIC,34m 56s,False,Darius,3,7,6,5jitAn5kgHsYF-37KQXZfjrul32bi_fP4EuaXwqZHnZnvikHViigktTl_0RmJsybJIGVymCqiElJjw,fQi2_Dn3p1Svh5RYiHaOEzSf1DlbEiaT8AWZyR9G97qzZC4dwZFhskvWeXF5GVHbdznimOM-hFSL_A,W730SoNR8UOphnU4rQnig4w5prz7TUa5W90cq13l02udWPUp91BHD6c7haC5vclhyFXJvc7PXOoRhA,Xk0Dw5gFhdTL_Zl-76uzAytXZdkIpzV_rnghz-4whx5SW_T3ODV48r10e3ipyyNdwkw033cUoOinjg,rj06EX-R8BwMdELxoGILqOO0QAhxvcwsTuTyJ1MiJgreXZ4QKfm3H2VytXGTSWi4H50vzRQrfn26cA,mDGicWPKxts1dNDcDTLpIEVl8oC1j4xdBBFb2GQUAZzNs0KzdTRCGLZiyyAf-s-AJ9pdUibGkYn8RQ,qSG1YzfkVRKv_kSqZQ5aCBFWLXDyVhk9ELrD96w9hAF8FmkpBWbzl8pELVXcOt5j2iLjrwgW-I-D5A,jPlFHztmC4F1I3U0ZTAYhXM8cPxwcUbOZP0lNXIsnCW22eviUy5kkZzWpILOwAiIjiZIrAd1N_8gnA,m3-5zbKIhO5un22zzQJMmw_IHmP1ioovMM4HFv6jEVeAN1FaRE3l-cjxY4fLl77ka-3jXYzUoHh_wA,2dGMG_TBKHEzVg92n7Xm4aiFZGtygah_GdbJ7f4OwX0lWyFjrluxb4zOz2Y_Nssbpfpf1viMe5jcaA
EUW1_7346794496,CLASSIC,45m 2s,True,Darius,10,12,4,mDGicWPKxts1dNDcDTLpIEVl8oC1j4xdBBFb2GQUAZzNs0KzdTRCGLZiyyAf-s-AJ9pdUibGkYn8RQ,eC-9wG74C418zoWRDu4iq7wvFr1c0xbggyPJLGWW4d4pCMATFWrEKufg_o_j8VXPKXMTOUb1dq9oaQ,xuMDzmQDXfYlw8uis_i-CA4MIgsolBpxRNtPAxCiNb6GyFVjtUf0xWsE7iygKiqlpvPX-swEGeOoDQ,NAJIZruOrJfI-nl1QeKaP17Exz1UYvLWJoCQikcA2GVXkf6pX5w147oPZetV0NtgCfpgMPW2JfPKGA,1iXW1ECGdk1UVn9ILnCOJhCPHV0SqHGw5NcEnLMfJ99QBMB1ZX6HULhbVg-aFzsdTEsGMH8YFZJPeA,kFFaDsuVIsXZWe7bP5pHIylwaISiL5N3G8DDDowJJckiw3B-2UCkPdP1MuXhReUcKaNdeqD6FfYXPQ,LsCb8ruPDHIRgaF8ZKU3v1RAXkBGRmbTC75N7M-E19mtEgS_NiKVdB8hzqnA_FHwBOD35aBUu_v2EQ,aZoOAat-0AE_MgvmJZxphAY310e4rQRq3eQrlBzBMvMpT59k_GEPJT5kkjcMU8OEQAHt1L7vBZIjuw,AGmBTqBsIYpulEtRjrQEQWy9qtNXzDmCgWbaEPKWb0f-Lx2Qn2UnqGTT2hAnAjPf6fJcr16joPOagA,8iHAhm1DA02nyrPbhwB5hFfz_3wT_PmMXTfQhTAdFlldylA76XVDCslqn_LImIY4gJxF0kWXI65O4w
EUW1_7345844235,CLASSIC,35m 36s,False,Mordekaiser,3,5,7,_1U3NDDl8vugIZ-8BGMJX1_mfkNhnyCeQcSNotyucuBBxHeHW6irZ_TwL-1wOpj16ixFa8AV-VnBCA,hYJaq1I_XKqAbze-vsHTNxBgL5YRLsO1cpDE8WDHZ1MbI02xsTGftrQgFCYdwTzASAyvXMOOcR1LTw,vDQyejuJeU-r5QbsBCT1D5ovyvOEiF7ncM-Zm5SbyUpMIJIPnykp9_OKTX5y9FW7IjDpIZLhjaZ2Kg,zlgnWWGHArvkYcdLyII1ADVHZh7m0JLQeZmI03nG8nXDCUbGA3uCxQV8SmBtV2Iue03MncxZivGfbg,-6DmhgqHY-boV_342PAdRI4WVRC1rRrWqMa89bPQKfKbqp-U5irjFOTsvpImGaUxX_rjbu6ajvQ1bg,mDGicWPKxts1dNDcDTLpIEVl8oC1j4xdBBFb2GQUAZzNs0KzdTRCGLZiyyAf-s-AJ9pdUibGkYn8RQ,mn24W1eUItfU5_Rlu4rxe0gDC4hKcMjqVxGD8HZE2f_CnPc02CkNuVZQhLuFWS8oP_E1IzAxgBVwzw,RsT1yb8GSAxnsjBX_RrOinVvLU6WyGwaCW68bClC-YJsRwOFfqqhihHLRiYNnuAkkDp94dKrC5IryQ,qxbJx_VpWrBSSySy35FVwApXO2_uUrT1B3FXKc7GIHId-zcFfJfEZ7Qg4_8Zw_UvyRmU_e6Z5PbCog,68JbCkdZI2XO2WskQxDz_kyf42BksFhVq0KngqxDL1OsdgRVh0zDcnt8HVHWVXxUSZanLhNvrKuqFw
EUW1_7345815537,CLASSIC,15m 13s,True,Darius,4,4,0,mDGicWPKxts1dNDcDTLpIEVl8oC1j4xdBBFb2GQUAZzNs0KzdTRCGLZiyyAf-s-AJ9pdUibGkYn8RQ,z7t530CcP0U4D_yQYR_zsA2MC22WOWkp5qWKpyu1EfLXcolqjFCTJy62Z-nnvLraIEKH2IvrJpgM9A,RsT1yb8GSAxnsjBX_RrOinVvLU6WyGwaCW68bClC-YJsRwOFfqqhihHLRiYNnuAkkDp94dKrC5IryQ,mHmrkYmfvvASF-hY4cT5t4RJ-3O-z6m5DclUEQSIXRSYwNLFOu7j5AEDy3Txl0le6KYmONSnucKyUQ,1SNsn9ctQdJYmPH65Ibu8Mvm7JrdbbrxcoBOKV3os2xvUWjUKIu_dT0vL6AWWR65Zk5R2ULkeCqQeA,-A6mW-MhwIxSrTXnHbDEHLQg4uN7suWYwryaWwTexe-LzQGWip1tP0IzWCdkqtOPKCWV3nLlbnI52A,6JTAAbp9pzHGPVL8qfAcCd0nPeLa-k9fz7-W6Mb2i4us-X-ST3IBhHh9MktifWMr5iXAJ0krT6mDpA,TBy_W1a7Ua6FzGclyX-2qEL_p2khcXugON_cr4nuwKO7Fj_8RO5YcDYykbSUkjwZKR2eIOhDXCvgZA,QQFT6mxn5nVtZ_qHC1SgMIe5gMURIkY-FioQ3ujyETEn0sXHmbQTFIBoTw_IgrT-KMI25vW9U_4r1Q,UxpHot7An6GBw-YtccpWKRnoYDJlw7h1SoQFlPM2PS07S1S6XCwS5kYgXccUMCxAGKVM6SCX208AbA
EUW1_7345526710,CLASSIC,27m 38s,False,Darius,2,6,7,mDGicWPKxts1dNDcDTLpIEVl8oC1j4xdBBFb2GQUAZzNs0KzdTRCGLZiyyAf-s-AJ9pdUibGkYn8RQ,HGIV_15XI_a9WNn6Z2n-nlpmtWGIRSoc7gEVvu1o3V8OzWWbi2V12qvsbjWpdy9zR9t5WL5FqA5bdA,d1QlR2swds931G37PGmg0TdynKbVXVhC8vqpgedgT1zR47icssNJMczGYknXPtDot69X-K9QG0KmNw,6zZSVxleWmF_xHcTYQBh9-KQwLiMr8KkUO890rjjYQVjpNUmi0Z-CD8jOb0UUgQabyy8dM_bW-autg,-bz0XDvPPFty5JZQu--SIT16rHk1R5nVLQYvLGF5XVXcrT5Q2N4ZNy9oOL-CIzDfRSmoLtp3siaQzg,iV2lPu4mOD-PsX6tCcvcoPe89tM7Xh-J-RTfovHLYX1HqkpZqdGpDTMZickYwdMqqSszPDe99hV0HQ,fwoiYk6sbxJq-KZDDXn3KOtRmi-r_ZK5H4eD_57MchC3llV3MpT7plPzObbvGyz7t2yBDiMp8T9X3A,pFqO1_pxM7SVPVxkEhc6hpnVlZ1nvuXFpdwxRMOT-zIAWizy1PFkt83O_omA7U9CKdTGKAtjS6Gt9Q,WF2mwhVUguLkKQDYtpHjYUKW3yKPshPw5AsL7mYsNritgQ0aR0wMmTuNJvE-C2Up8nOJxv-KcEoC8A,Hbr_N-gZaeEi7Q_q2Mm_GSzkUOmv1DB2pxcL6kXJ9FVEZh-JwoZ7_JsY-msi8p1MlW5k1_TDJVwj-w
EUW1_7345480614,CLASSIC,27m 47s,True,Mordekaiser,3,4,4,Vj6FWt8YJ0AI022-n538_W-5raR3tJJ9cXNy35TFTk4QEFkvCfMS1VLpMll-K7Nmrn3e1zzVr-CnPQ,_GwYjKUk3KBHyMGkDtv99mscpP10PQNyLZ7RDvK7SD6DloImnN73yLoqgr6-ImN0uUQfmASBDLas7Q,Ju4qeprCbPF9e6RY0IAaNT5OwiGigX25O3nGXGmR9NL4poUSNxSggq4jov-Rq_502aD_OhdzVqC87w,2E6rWlki6BvfKigtsiTc9dJM37jOxMwDzJ8wkqxEDbT3ik06egRzMCnF3oYfyy_RoHDUyKUsXuOwWw,tP_fYZwJVtoGRD8ml8md7XGURvS37dZ2sdz_ZQ_zu506HNIL7CF69T1nRxFXanyOs9JZSyP_B7aByQ,mDGicWPKxts1dNDcDTLpIEVl8oC1j4xdBBFb2GQUAZzNs0KzdTRCGLZiyyAf-s-AJ9pdUibGkYn8RQ,hy1xShgjRJ6XfG8aFok7In5vS96p4ZJGUTZ-O5oRINXZv4O-4U2XYuwqcNbIVXXYGRUCRZ9tXznaVQ,ImkMLgCrKH8WFyfkrv_533aPhkC1zov-6crgx2-6s-s1UVM0wdcDLBRhpaOBflqtuyBzcT_nS3o09A,0VmChhoAi3UOhipt9n_EU6vCAwj8F7N4pCy95tO3ljm0mtfdbxyDB-fxe9dbPnNMlVh8pv_n2R61fA,6w_MsyNsSDdrx1bKEco5mXaNStdZ2UOkuAsOD3xAO57AHyi5pr_sWdqMHcld0In95yd-i_b-lloQew
EUW1_7345427698,CLASSIC,34m 21s,True,Lux,10,20,2,mvnkusCCP43sa9QVqYPSBmVJcne5ofisruQOey9wBNvOFFcmc5R25ZbaSprWhzLi4HC9qDRqVzh5mg,sgLhrim7uJUlG0UCtIEFvNr5AehmmhkJ74Tkg2fSkHufWMn4t6rKlTvvCabNFhK2chicxV1lAU3cTQ,AruRbeMg_PG3MkaGcC97TYXH_SG3SBDi1o4vEhFuFCzsH7J5MaoPWKwa4t7DD_6E4oTENLl0iGd1Yw,lwlpaWrVtAg216gW_prheCplT-WLdtvsGXN_WbTEKU6IUWcCxinadqS17tMg9sTRnDHyfMPmcm-0UA,-RWyazqeR3SnkEeDU29mgnIOP1cWrC-K691lK8UaTtrcBIvXJw4fCLkNs5n-RnTvQICkQbPa6zTOFg,gTA53tFcbWsOu5GM6RcvC8_8TjrOZF9Le2fYAtq7_INEWvqnXC1Ky1gyml5YUL_FNoqiv5KktjpDFQ,AIabiRcqULTM7l9qhb4Pc7X9Rj26gnYx2k9LlVWay2hBCN-0pBtzc76Z9wjSF8qxYy7mpX8Mk8cBMg,Tw1s29x1F5ejlq7x7rHyHB2CnoYTfuQwfEqP0HHe3jwpSN3UWCYE51PIaUlyy3qmYeBBhZ5xsm_W0g,uWcziWi9cS2kp0bG-e1B1nc40NmFe6ju0OMS7Ycu_Q_vSP9_AboKnLT4UKxstfTQpK0l18XVeC8Now,mDGicWPKxts1dNDcDTLpIEVl8oC1j4xdBBFb2GQUAZzNs0KzdTRCGLZiyyAf-s-AJ9pdUibGkYn8RQ
EUW1_7345389835,CLASSIC,26m 2s,True,Darius,5,4,0,mDGicWPKxts1dNDcDTLpIEVl8oC1j4xdBBFb2GQUAZzNs0KzdTRCGLZiyyAf-s-AJ9pdUibGkYn8RQ,a4rMzk-AQvQQCVJitsvET73CsElKwP-SuPZTOiSdVBpuJLzq-EbXWEzNF0QErFhUPCGg04v7G1ctMQ,BV8wQg9GXrs9V5QvEQZIu4xFdV9V32JL78UKXusqZZSqNoIpphC4zNonsjxnrmDUtQ2UZHtnPSm7ow,UrktnZmpe5h3iStyHVClemuSkarGm4yO9oWlm48fBYuCnQ-GkAMJXbfkLI2SM0ErQNf6jdRDy9mCQw,mQXUJDxycwk4EGZ2sBQZCFzSUaGmQHCkQ9sAu1s6_gjU1dWtqIxHgyBJ-6TVusZH5ljVEclvjoVESg,ZM8uwsfZA6K_IrobPNFKGOh_4yMCAR76Clod7t6yY5D6Q0dWMerT6xiMD6LzxQW3cYgbWLqHTZNEzw,jUF8TkrFumG3S3QGxRFOdv6FED1y0vZ43NRIPfZ9ZhE5U1bsqnNO4f_RRV4x80WWt610-s0HiOj2EA,8vlPcjkFXst013D-qFVPqP-EPvLTvdljKSNkC3bGO2tUMBKAxP0yINf7eJsZ2ZW50SkIxbtD-2ykJQ,_hImsKQBSAszFEb0SYQmO2UVqLooAJIc14MV9su7usWxDjmMjJjsM3glIwohfW5G4jj9tH4EUw23jg,7vegf_0IMdzkxgIMRyT74nb6M1imd2aWZJPPZRX6nCqt_kqptS22xsquSM9J-r8apFSXxVk3IqigzA
EUW1_7345302053,CLASSIC,29m 6s,False,Darius,6,7,8,OwVcxN7JsGlgtBp3g-qcd8aK6VvteTjwRTmvFIMsZaxWK6HrTvi9rdB6szdXNeSzBuc6iYgj0A9BoQ,_GwYjKUk3KBHyMGkDtv99mscpP10PQNyLZ7RDvK7SD6DloImnN73yLoqgr6-ImN0uUQfmASBDLas7Q,hnRepIPl-Ro0KNOGNuf7c7pfpICdaclZsA1yZfvMn70iHvspnLuuOE8h-ryKZ72u_yU32Zlmbvh3AQ,yfd-AzFHm5gPPnGXTF9e7mg7HmGveL9wfZbueLM-h2eY6RQMz9GXGEArEEuPDlB5KRdw2yIZ0XF8kg,8bBh0E_A2pGD5__H2vUFJ2SN6AINjakPEc6Ck05OawscPFj6CXo5df_QcDRjKHH-0J2HKczO7_bFqA,mDGicWPKxts1dNDcDTLpIEVl8oC1j4xdBBFb2GQUAZzNs0KzdTRCGLZiyyAf-s-AJ9pdUibGkYn8RQ,b0Xq1ECizFYYL1r753N8sNI0h-Dx7sVUh54sV2tacIObQTNfpQB3cOFicPeLzdHHbZgzQB34fMQRHA,72SpV-eUeONGYrKEHFVNYungyB8vgB3dfT9p5AFwjPRSpyPNNduIToI3f77aOe0-iGW3tTj5789XFA,jeQd0TlAKoqytPgKWrpIXpEm9YV5rEp4zxM4HHC_QXhATPJQnl2mwC2IaXJ0WlYaZpqUyRVg9N_vGg,bsHtac48gDf81EuqsIVHhTapbQts82s8pTKGYs4BVRCNcMjVc1tazgmJf5ukafBr_08NRhYhbbwj7A
EUW1_7345185189,CLASSIC,35m 50s,True,Darius,7,7,0,Rzm9_8USxSe6eaK0RJFtCFQjQ-7zSH1ydkAF5gfRtHzrAULY4aW0pWiSTY6cE6xZt5ToYcbzarL4hg,j02bOQ-462OS4VSiMhn68v0bj9oTxWhr-Orh3cq70g86VxsUkSRTQ-Seuy0MlE6_0VyVAL1xEiJFCA,EvNOWjpA-xj9qFNNbvvEOVeHnFWTSoycj68cBkLPgEJNHt0p_3QtQ7ufP8PcaQxB2p5tnD57ve1VPw,it8EyaziIzFfSwozeY3coSmN5a8O3JVXR_QFzCrc_CReCkuHEkseRm8BEhhYCxaItzwq5ZnaVEIwLg,RDfyLi7i1qBxE1JRywf0YZKhaXKAV_R1-GQ1S-LOzJhRskaAfe-FC0qizmEFg294KwFmGICkYbl85g,mDGicWPKxts1dNDcDTLpIEVl8oC1j4xdBBFb2GQUAZzNs0KzdTRCGLZiyyAf-s-AJ9pdUibGkYn8RQ,XCSgLszFUGSTXqSwUbwXUtGxG88X7zS2GaNXBJmfJjNX3dKuT08h_z9TVeBgpg60pKumiPVBoLGjig,04WL-Nq-TluQIXxdup-4DTSta90tMKWjpDzxVgMgP8zR5xk-yQaQPH4vBjlHDvs8TLaafJAdHGc78g,9-TVHX9wV0tZxjdZrA_zk3eANoqT_don3TEnZosaylL1xc8evvsDtzWlpD0m_9ke4sRrZR1-6mF0oQ,g92R2PzpdaEFeRdtXY7NEYilsKDrUp5x-EFup2U_Hr0c_0ExNzJOV7FI9zc6EERnPnXyGghA3h-oKA
EUW1_7344650000,CLASSIC,41m 11s,False,Mordekaiser,7,15,6,tJfAWXrDZw2H96hmi1ddAq5W85G-xk2dDakVl0OwsWeQIJg_ZHts8EfHnfPlk_3avgWp0sVfZuse1A,NEJdPVL_olHs0Ruo7iBaRzg5kEpfRuZaGRrUp95dkPq_QoCYy4q0TeaLKecj3RENgnDdyxfW4wxexQ,dlXFyRnaBVdAn-MXEnLIIXG4cNh6COm339YsSz8HztQ4zZh4UMFGTht6rMP6PlLaVpuHBpk5stYH8g,Lxo3cVe0E9-4VTPfEyW8kSpQ9ISWPOIm1sAgS0qnFoYGQzSh6pv8zCyQZATS8P18FymvuNjNxolF-w,gHEErXblizLdPJgMZYkODl0A_-KnyaIk5RhNlz6vOCpRun5vtVmXj9As0Ct7PPeubDT7ifHGbvO6lw,mDGicWPKxts1dNDcDTLpIEVl8oC1j4xdBBFb2GQUAZzNs0KzdTRCGLZiyyAf-s-AJ9pdUibGkYn8RQ,IsyMIvYrV2cly3EV1ILV2EPLu-BNyiiqIy87WPBwn7eD8FFJIdldvA_6NqW8syTHJlj71Qgwc-lRfg,PZqH56Ksf7nmqefojjbZwm4zxxCAj0JooB0OVXZiYQjBqr1LXOIZkcz0oM4SVPef5d5t6JSbtCx-TQ,T_Ijt3S0P6fczieopAMc4U5Pq054QfgZ2lRqhRmYT1yMt6j7WUCrWO1ZBfN6jbi-69KyjHbBpYDD6g,8BfoNDWI4Q2HnF4SQ2GF3Y4Uy8inBT5OpyPmwJCeKh5RojxWlS4qOCivRhHDU0_ghMxjQgYmi4aeuA
EUW1_7344609134,CLASSIC,31m 32s,True,Darius,5,5,3,sKMSzJLgi0h2sZv5LmmyAyEI6SL2aAkwQR_ng7xWEmU7KPqfz79RNR6p570s6rm232oFgMv3Nt4_2g,pYoCqRGBY9DeK1cbBvcnKkArT3AuUeINMMbjvsBJxWiCeIeMipJilR8Lo2r-_0YIftekt_13r1zCBg,_CbG10oLQ_EVm5fhzqDafN2s0vuyXsn81JrofZZIGLN6bWW7fCqa-Bl8j0QGXGkhQeiBD7tPrLhK3g,CQ8uZ8ENTaYEhYVZmS5EcQb7Qbq6zEdla5_bFDq4tbWxj1iviqiWtHvCaTIy7f5OdWjt38YIHVqbLw,3GgJnnpN--4RYZo9GwHzzwzHTLxMThJc4LPvYskhhGMB8FoP1dETJdKbkjmowGlZrV-2B64DKK5ETw,mDGicWPKxts1dNDcDTLpIEVl8oC1j4xdBBFb2GQUAZzNs0KzdTRCGLZiyyAf-s-AJ9pdUibGkYn8RQ,QLba4bXbYz1mL3POq4fxZ3q1k0Zdex1UR741LeiI5pDRWXEdTcnl8Mc1EFHM4K_KxY5NxUAygw8rWg,_lX1u6hlgTAl18YkhfXxgjtbvAk150k4Y8VohPXKRgFj_m3vevcD2DS6lP78bIlbR5Ao8Q8YwgUsYg,S9J7N6TLxD2TFgALEBSUNeC5CaJoPixyTosSf_YhW5-pi_1brfvKM5qoSEBjQQTSim4Ns5ZCj-1mAA,-SlTOybvZdDspEmrTeEqcEsijRMH-TG3nWb9EyxOpXvWCmF19B12ug4QbtFKy667oVnyRKm44fNlug
EUW1_7344487925,CLASSIC,28m 14s,False,Darius,5,4,9,mDGicWPKxts1dNDcDTLpIEVl8oC1j4xdBBFb2GQUAZzNs0KzdTRCGLZiyyAf-s-AJ9pdUibGkYn8RQ,TjEQW8LX8QSacRB0222LExa-Fw6ewPJRhYQtNksJ1evLMZCWyWTpSY-umZcj1mYJjtbZZPTdnxrPfw,8CmQqb_NqZ3U-2gw7ouCO1haRZKc47cZm-jU9BQS_rW73qleRq6gJVWnAMbhSJGDpQd48U_ipNp4NQ,IvfBQQOTMtLQDlsD5TfY2OZHxlZJx9qcJ_gJE7klvDF2nVlc2ZnGTeRgmONRj0-PKC02G5tYQ0YhsA,iDcyPIChke6Pak2NG6HA4hkwTOiWw1J72Bua1yxaRsFmAUpnNiwIovlwNA6uoJncBg3SsBHBYD8N7w,cz1aQK414AWbjHI7Cr8bU3SAzYNh_RTDBGUvNWN9f2yWcIelzcIPo_gCgZhXiA0qbRLj6LhU5iUJJg,KLM56QPHK1i_rfW3spKJOAJ14rxaGgDSctiDtbdP39PjeLDLjx6RQ2jvo0j-uNUC12oeTxptsYWMfg,H_UQ-hPF4mwi8vCfxcEUDmlIOFFZuY5qTB4C6wytc-svsJyFC_TQqWVoS3hk0x1viU3OjOXpAJrJXg,w5CEIfYSN2bbn9T4GIQyjvbFqENVPQ4SNMPXK_v3j7Ev9se5r0Ew6K6FGT9ezbRm0UVNhZ0wWzAeLQ,WUSBliCylCu5K0k-20mvNIQNOSGXRDtl2MVJaHccExEs88e9SikytTTawahraWm9DxWFcG8idMrNAw
EUW1_7344432988,CLASSIC,40m 56s,True,Darius,8,16,6,mDGicWPKxts1dNDcDTLpIEVl8oC1j4xdBBFb2GQUAZzNs0KzdTRCGLZiyyAf-s-AJ9pdUibGkYn8RQ,ggkp4MvFtkWuTTYzgo26lDPSC-Z1M3U3Pg7pDBT9oxZTS2K9ETQL2g-A9QvuyA7HTQM14FP9i64Y9A,PVZfWJrF558hkD9YnCT5mZDhCg6se8y2Vk9soudGBSYw82X5SxPR9WX1hL_pneGsUWisqQ5pROboVQ,dIgKDTNjnGw-IiwDPsbqp9mtP8EtfwnBcnYHVjgkMsFTo-IIqZAUw3UGdLv0VpkmZyaffFFPxtyuXQ,Fi0PXzbcfBur1Gy1NGoG9BkVgRw3w4FO8fvyl8nBB8SkpB2EOB3PheuJIoxKZuowIcCxwyLIl0phvQ,X5lEgnFcLKx81lgTEWusJrVyFRB13C2X9uKvgSds15tjost68RRxcj96h7sb0e-djMWQ7V1sNaNnvA,qs8UgAGG6C1TSMnTfxwD68E5d1Dyw6ndNdJuAb7JvVwx3Q12yqw175o9lNIC-x5fNwez6755gLUXUg,R3wHBQ32iqjeMXOUKDlyHcspmw6eD2cGtFyv-N2puhkRgPzaUEgGfBz1h5fkJOEyP5cREzHLzeuRcQ,QSGePJ6hntn-QLIP_ePjDFMGVKCUH8Tb0OpCjWuf09T1OPkYIq-n_BNW0RQGec0RPEEPw2YUVDqM9A,nY0Cz0d2Oasicsk2k8sc76vW_qc7dtJ09JLa71HkvrcPoZxy0SBRFoWz6Rc1atb82pvYKaWYcyN2uA
EUW1_7344225438,CLASSIC,31m 39s,False,Darius,7,4,8,mDGicWPKxts1dNDcDTLpIEVl8oC1j4xdBBFb2GQUAZzNs0KzdTRCGLZiyyAf-s-AJ9pdUibGkYn8RQ,MM-gysiH5ZU85BWDSBiSj3GbuHHX8mcZZLcIgZUtblV3oZy_-uIyFLHzPtvBVU7LYkDKUuYzV4EdiA,WEKK2uwtNT1zENKjTSiknyrl1W1GZ2c2cK0HQRM7fGrWJ1SbNmnrZOSWBlmPO6MeHq9eU5OpQ-w_nA,AiEXXEhCIPhl5Q7OXo-FtRv92z4FuijMk8mv3BrY3qNS_4jQ_ZJM1Ol_g6y0x7YAKY5sQv3p-9dmDg,YorJq7j2g69UpYq7kQ0ox0nZSXLFGqj_YfmJ5652D7dZ-FlL6yj55wjtoD04fFsJgmS86p8xULtXiw,zuoxw_VqaSlZ-FKxFL327nkf6DtQccZcfRxTGUa0YfBOieUZMByEMPL1tTZ_XrBL4dtwYxkyYD4iBQ,ED2poFRr-aY5JMVoplrbhNlm6OIFi1T4ACb2BynZnX_U6uPs1szUMjgVZ40UQ6datSMVANrFe3CFBQ,BN1BaxIyYkZPYhneo3E1oAgcdSN2NVLka4jztNwnzMMD0gLyCpEBA5mEu95OD73DvwoRjUEtcXcaOg,UTuyfTaq8tmq98Z_wfv1b_k2CPUFK84JMQVXO3x6J3GvKntvQXTJLdRAI3z_nUvwqMOiepA4LRBIsg,1BPgw9yWqEo3NBFOinKnLNUU5dWjliw4gOYnP2oosQ-l79As_y5BJAcYnD199XPJrYLX7fyn6CQ2Yw
EUW1_7344071952,CLASSIC,38m 0s,False,Mordekaiser,3,8,8,1FPplrOkZTh8vQpnOWE09k4jf7iC5Nk9bGqADr7VdaQEm4pepiWv_LptLA8bMInWBsh-dmFJYbb1FA,g_So_9_XPrtqVljZlvFeEZYiypx_cbe16Bluv-koKtiGtnJD02iY71283SCaTbb66YA4uZ1I0Qr16w,qg0gk0opMWPizud7ewezSl7F1-JuYjao5C3YHOmaGBSAIqkjs35YwWBenLde1WolosQxNp-0Zd64kQ,BuE6WefbUo5Kfwseoaspc7MtE-kziD5ahqPCsV4qJE9FJg-PwRv-Ce7QQGim1UQkuf9NeYu_9rBXhw,0lrKeFLTrc0uRn82eZT4fb8FWHDAelqcE6LcK9Z8gFX3lECO7L8ZrgSd3ji9POvf-Ch-MTS_kmPYLA,mDGicWPKxts1dNDcDTLpIEVl8oC1j4xdBBFb2GQUAZzNs0KzdTRCGLZiyyAf-s-AJ9pdUibGkYn8RQ,cRGqfHk_I2roY0mFc5-YANd-alXxWR1F3i7lsJ3LsP97EMhv0Ch_V4uvr8zdUTlIehV3cxaxz1dn5g,ORpuXoDNq7F3nxXekQ8dfeL9y5tro1SnYFkwOg1zkAylxcNAkOq59wCIP6sLKINQPFDd8lSXnuB8sw,ind07CtdHvkOR6z4jQWdmYfLhk1TDAcfNigUINiKgA1MG1J0tvcXXZeq5H25_tiJMmaLUJ3d0CySlw,Wd0Y5uIqhmrJEp_3bA7CwTzxSafFWWscNTWLAH59kxT6gW10TGpwpkWwBtpyJAoVCHXiwdIFVauejg
EUW1_7344057037,CLASSIC,30m 32s,False,Garen,1,2,4,0NBTsUvO-Z0SUpFZ2ZJfCsV-fJ07TqW3nGJQR0yYkZZvgTB_GDjtv3XWCAGA-pfvV0D0f886ii4Qcw,AvKoaCl20Yy0EuIubGRksZ0m7xM9QzoXYDZosn8mkvu3ZbgqqR3eEvkSF9d8iESUQ1uopV5kL3R7bA,nZdSRKLM3UhGDbL64HDvQCzPAez6u_dbfewqZZo70_yaDXx-DdX22u0_zbFM1by36aoVPMTgiRgBVQ,_6nhy-Jx_1LO7uXlJXxwaK4Engot8WSkOUBOtOT_PWTZ4NSeSLTxvvXFTCC2j8ywf94V8yTyeYLDwA,TckU8mF4SxrH2bQhufy8lJA4OvTXK9LhE1LMzJd-kiULhSYd7NvZWVy6L_3YXsTZGJEQxMDM6zjVAQ,mDGicWPKxts1dNDcDTLpIEVl8oC1j4xdBBFb2GQUAZzNs0KzdTRCGLZiyyAf-s-AJ9pdUibGkYn8RQ,LW1sumKZSm_UvJusgVDG1P4J_KL5U_1sbUi43I4mm8HRfbGdASXzc23OiQ4eHrCpZ2OIgr7d9rbujQ,7HnjUZU7CCW5GiJVaNbDWQ60PYNWPwiCK03PReRA4rZugVD0kfg20RDWTeVrpmoolkvp6Zqre_QDDQ,3J1UDC2dUMlBCp28HVwqCu6IW87wWXKTOPgPXYztx4s02-uB9G6Ap2bt1ZJkdC4u8nj-Zfizxyz2Cw,85EnTXEo2IN9uSHpm1jl8xsJRl30Fi4hzupPc0DHBXo7Nc1kFM9CUdzVX4dgDyJPGatRsBYBJBCLew
EUW1_7343568289,CLASSIC,42m 38s,False,Garen,2,8,9,mDGicWPKxts1dNDcDTLpIEVl8oC1j4xdBBFb2GQUAZzNs0KzdTRCGLZiyyAf-s-AJ9pdUibGkYn8RQ,bU4720c77ESFcCHHInO4NU_dGU1BQiGeyOtn0dnHF3kHMZOmtJefASoQ8u5-8aUX6SpEMBsqf_RDTg,DcpqHduGkiLoaVPh0IRpCaMd3CSPNC7oSzt6PPywVqP1Yts1QOlrFSM96gPh0YtK22EmSPSnTe79bw,ud93gHUr_O50BXJeYPnDsma9-sTnUtwibJKU32xtvHtdn6kk-QEijiww7w9CDRBb_Mg5JJJYMoC_wg,sIBZo6CdGlu3jH2kAwafp1WxWuCzICCwCxYp0n-0z3hDiz7dTuGZV_EqeGmBEmDp_dgM7oTwXSMzCw,C3rfxIkw9fX8NfbQgRixsJ345Hj00o5S4uZpluPqIKViz32WWxOchAk54OBhJ36d0gPXUCmGX181ow,7OWQX1D7qRd9ulKKNHAhcXggjvS7JO8BdhxjB4IrnyCJisdM92kzblI6h2Gz_ImvGSNyUtGTmHBrXg,YYMfqm-Ot_VmCzJCqfqWFmMajMgMrMAvz0xDcX4oDZIP9ylhg14zvh7sn3yF1tVBdZkcshksxvdYZw,JapCzCGIEdrxf8_EeCWoycDkE6udDpL38s1bOk6zSxCZQqZAz9ndVjmDLrOrwhiqcNghShpwhdmAfA,Ko2nHuslL89UWNkrT3_9WzJIEjKOA7GfygYkLjkkG__CxkQAvYWkTlZJo9AePsOZMVhRKwyi36aBmw
EUW1_7343533821,CLASSIC,29m 55s,True,Lux,3,13,5,KKMscrMzJ35OicnX0NCKGEOxyMg8VYWVudr9ecXGdtZJzt2w9tXTU0RfBnKZANEMv7lAbnr9hWp1pQ,WyxS5y3Tl6_lbc1TDSnoz041XlAzneSqm8F_U34jHUCFczebTx8LMrcJ7qh754DwZFdheFPp8_xe1g,Qo6r47uAzAO4_frvM3pG7GUjsAoSoeT1SbcocyL5Hu9pxaQYYgAmQwGL-LdDfl-6dTLXWbN2QQPDpg,oKhBDZoXBeqKas4kZigUONe8CIm6Mxr_eB7sGI8LHoX36D72kjW_mcqM2vpn13MJqUDCuv9yrDF_6Q,FvYAJyny_bkf8h9flkwjKdDsOjDAQijmoX2Re37-QylyfInBYEyAnPBZrQPXxvRnmvvNawtlYFJLBQ,HZ9SYvlKo915-qo2ERieQetlxLdWXu7AfKvppsrjEdplYIm2noAsKiE-tin3CrmkvglT9AmfXM7z1g,3ktuDd50SzvCcuZGg1T0_wZLPvC-n_39X7nYOLTBtY2w3crB0-0VEG9Zi5jEalua6mXCIq0s46P76g,QaCssXxQfKYgZY8RWdvxegkT_RmvRM0npJNer87h1aVi8dlJ30HBYszM0vUP2jmeeg5bCRFGsTm26Q,O2BelhXwGImgIzjOc0zZpYNul968Kh3KlSxwUD4k8iUfAz1l2z2WrWJY9yHi4ZtCb8yzwiHbwwjdNQ,mDGicWPKxts1dNDcDTLpIEVl8oC1j4xdBBFb2GQUAZzNs0KzdTRCGLZiyyAf-s-AJ9pdUibGkYn8RQ
EUW1_7343476822,CLASSIC,23m 26s,False,MissFortune,0,0,6,4FAQw6XHpM-n_wr6HlnDrH3AEFfYOQdccOZvOfNHU79qfh8iBGuc6CBh2eM2xaLkZypXbDWTlt6xqw,DaEqDss0ARgYBUeD7FzGBkcBZr8p_GHJIX3C-ynu5Ct5i5u3o9wJIm5QCS0fRzJ9vlRguGIMxwkEUA,cFS8Gr9_VlLruOiwfWVepr5tB2UsV4MzbI_wXkmpjVrFYa367Z1EREPAcaZWfpiJerzGwHfV9xoRSg,RqJz0Ka-pxYbUam0-esQYbM8taPgwnHYgGPogMtuwP1erb689_Hd_hG_ujWZ8KNGbeom62ADHHJigQ,kE0kI96Wpzc0YR_xd5SGKwnWzTWfiy2O4RuXQiu3VUO6dYEV5E13AMHfwMBOVXMW5DjU34fuX71dcA,wIqXBqIDknWI-V7_cmuphW_n2lfuGj8IsToLSm28blZsIm09Q0kYG5xrGi_gYwSPVay0zD0wuSuOPA,zsvRV3qXSHPpOfTmmM5t_MZ_lgUs5t6ZZDnNXbAi_6CPHinXsBWm8Dz8Pmray2uI-Mno73qIgjeLvw,pZ_3J5zCiTMxEDHwXfEFrCFCqroylAw5LzKWhysasT2AsEvasm82G6YqjMjTHCyFUFluWLPFt1X0LA,mDGicWPKxts1dNDcDTLpIEVl8oC1j4xdBBFb2GQUAZzNs0KzdTRCGLZiyyAf-s-AJ9pdUibGkYn8RQ,KyLQ41gdRD7q_MAsl0ReE593jiYrbzzVrQXCer23ce1fzUwMISH_dyQauasYYXZVfSTkGFJuH-MHCw
EUW1_7343440483,CLASSIC,31m 33s,True,Mordekaiser,6,7,5,cLaZJQlvIPztabjFAxV0sfEKAPT5uWOFLgHFGVmZ4OhVy98F2fuL3gn-J5D10bgkfCNZpswvcWVK4A,RAxxJWsjbUR6poa2cfOLRYoom-r99GTypcgC_w5wFsqgO51tQ329N9DozHJkksdib2kvVFY8UoJ4Bg,XUZ_Nzx82mNWDqIE2T9-e78CykcITY_SMHLSarxL_fbBWMWCb8lU-odJZvjVBUOVdWNvlnuexfxaUw,xvATpID5Ei6mT_1OhnwzUEVtrCEl5uUfZ0M4Sxm1h4rlpXHjk1xXbymEqelR8E2Cyg1D_Dfo9XU21w,tOl-lUYkMBM78J6vMCh2FFS8jGGeCY9fOuU6lLM35o_rHljq0ZSaI-_e_rXFZY1Zn2dm-xO6vcVNsA,mDGicWPKxts1dNDcDTLpIEVl8oC1j4xdBBFb2GQUAZzNs0KzdTRCGLZiyyAf-s-AJ9pdUibGkYn8RQ,KmqoTwnZIjl3drhonYfWIX_KZ62r7R74ZcLeRPn1xG9tOot0Tg5Y_j0IEAtBzwJtHumsm3Dja0u86w,oB3mrtQxI8j3qlcFOKbODZCd-r08bE4REyUWL6ozmzlwcavmbq4HqRxAOws2becGkfMqkTzWm2Sw2Q,85NLWfGnSHW04NBe7LTlsgW4u7yDb0rbv-Gtpa-WSmfHlA3SarI7MLHMk6f0MwusKwHJfltPSYGEzA,1H2V-FQnVCDmkCbEoaUvuJZV02pXWlkYefnV0HqVPwzzFU-GnTYTGuvdBl8q6Z6r7f1022tjH0y38g
EUW1_7341561822,CLASSIC,38m 25s,False,Darius,9,13,11,QNUhymyl5y-fJ1pL06BKQC0Q6M5qXFCcaJdci1mIz-SQyD7tGug1nOh-q02cMmIQ3lslDHRUb1jCcA,wb-ROGLXk8GAZOeDcLcGIPzgbtpFqwkI90XYsY7r-MKyytqDoiVQiBhOD44kr-m2mywQnWNezsnt1Q,ilSlvHRd6durG-pDmmWiLswq41UN7AfckjplfXZmVkp5v78a6kIYNhlgZcfGzYjhTDK_lH6Ff7ZcPQ,9grMHsjKhyJGEds_jny9YeF_ctTgyN9LcKDB0Pzt1fL9XvSh-aMco_NjAe_tHPMdWNz5glFFgpaOTA,9OB2OZDWTuOCAoPWiO4UbCA9nFTp0U5LHmdJt9dn98yvMhkl8iaQA_uFwzEYPCUPRCYcy8ZmIfCKyw,mDGicWPKxts1dNDcDTLpIEVl8oC1j4xdBBFb2GQUAZzNs0KzdTRCGLZiyyAf-s-AJ9pdUibGkYn8RQ,C4MaMbSeHFxbmgW6QNT0Ec3R36-Emm0xj_wD2msEMG6EyXhKMSyipzA11YN8W81WTDpK1t5j-wJduw,YjzL6NTWuxN_dzoQJlZR-rpsJMrR_9yQrsor_Hb8yTcFAB6ABkAJLkJh6RulFsyHmadcQ9-k-8--Ew,xt8LHwJh6FkA5sxkdhhWbI6Rah1hN8eYB7qXMrkGZhm5XE5TLcQmsjl-gZVlCr2vEHdHT97TFAcYlA,CT_jPgEw2Iy3oNFkYI3CasVupL1_ONaZOKjwwiPs9BH1C4c8bu0LK1WDhmkBT3dKDe4DxwlewwYlxQ
EUW1_7339759689,CLASSIC,28m 14s,False,Darius,4,10,8,K35UfHQWWNvDOAem0-skk5o7GMGKXoafuTstk9rWe6SmiLX1nF_pGezU83BywgEWfyoOCokNPEiwDg,Z3w9b_t80T1pCzeMfUVrGwbTWFDZHhURpgXfWLYUShdb2mz7t1qa2coVr-Qe2ZEr5C_oKT1UsglLUQ,xVP57Bn-Ey97CWee4FW-QsDRD2pblGpjHV-p3UjRy8ZtekoN2igNrhPyoC-DSneb-7qSR4LlaYmYpQ,g7IoeipSCG_mDz2Lrl8TIzFJ1jezRQjf-aMUTU9R0Ww_Wb9_ykUrwIzU7L47mWZ7SbpHFCVksfkePg,ICzUzCSbbjHtoAu7Dkl8KN0cvYDYA6qEdNNzBzIr5vBNjn9Rb1wdaGSVKaW-T-YLZ9Sz2DwMKMKyRA,mDGicWPKxts1dNDcDTLpIEVl8oC1j4xdBBFb2GQUAZzNs0KzdTRCGLZiyyAf-s-AJ9pdUibGkYn8RQ,SMRDa2DQPDSdoO_vOpMA3pywGfY5CKsTcD0KLSZf8DSb2nN2zdh7ZaajInh8knIa6bdZF6UblrS72g,3TauN7dnhAcsSP7zdal8oFagIgAJy4efR_p9Y7uVuOMAXYxyNOooZ33yQrgyKecbOTQUPtNI8nmu3A,pvePcJkRhMTPwl1G4r_kc3cTdu0HHXG6emR_q2Kf6iSUgvNI_Y_MGX9_WZj6-OSNQ9AIrmLcTKeT3Q,TeX929nhGKbtrrwAXpAd1OyVLc9OX7BN2YzBMcAjU0QKjnMgCpzJxAVqvTkk7WwSZz7AkNruXOxgxA
EUW1_7338997068,CLASSIC,40m 57s,False,Darius,1,11,6,mDGicWPKxts1dNDcDTLpIEVl8oC1j4xdBBFb2GQUAZzNs0KzdTRCGLZiyyAf-s-AJ9pdUibGkYn8RQ,pNavZieh8R30rf4XzZ8bYfrmwnwGSHmenkgp8WVHn9kfMhywrzgJt4nOFapYjrIPthRDaWgMPFUvxA,Rgq8NsUNixJOjsNT-qANuM0i9eUFhPF8hQ6BY6x8i78WHcQSQWcq7RJ1JhxuP087Hk5kHZuGsP74cQ,0e_YcmePAUhOTg-Pb0F0R-tsxQWCIwdwBviApThyWjYSg9OQhni-2bjehfXXrft4EWfgQINHxeNxeQ,_HlR16r_LwZ_EVvrpnl-cv39ruxjQw6XWC878g4si9TrJt5CE9CmX4DPfUFFZ80zvJ2Zzyu81PiU2g,BEuW8wYVorWFJBL0CkQDY7x9bG4KU0AI3YwpznYDYB6vOr7huIDoTav-U1YDEPHqSyV0sv5Lh75WbQ,QpWPrEQ64qEzx6chRUcCz3uP_M53fryDxFpr7OJlJEuKNEXTlR06D3dPerw1uv9khV4nIXt5SEN2TQ,4T3v2ErIVtZIGJmOr3p-QFVaAm9MvyuNT9AioOSMNr5102xDwl6Obmix9nHFVuypNKqkrR-w4T3Ymg,dfojir3WnJsAbb1Kl1V1YeunPB5nQluL9aukQOMMOaDUtUc63n1_1e5rSiNDuxIoLcW9G5Ta5cGt2Q,uViHrfdYjIr6cl9lhFhXIHCf3cMC-lJDYbhaTelYAQOBFrZvK7baq4ZUahd3LXKnFkc2lIq6ArQUdw
EUW1_7338946220,CLASSIC,30m 55s,True,Darius,2,6,2,mDGicWPKxts1dNDcDTLpIEVl8oC1j4xdBBFb2GQUAZzNs0KzdTRCGLZiyyAf-s-AJ9pdUibGkYn8RQ,5Z0bEhpNIhvdVifGjfDIO6m-OgHFAeGQ98_HR2jMzML-I9zDil3QMfNhGIMnCYvO6ATsZvfqWetrLg,7yml8tFfCoWZ1gCy0MFfh_z2eYzuGXcV1Pe78kTY8tt3hdNHSZyl2qmKwA8MbTLRvTrgwqQZhzJMNw,krjJE7TGMKB-0u3brl4oVybiynvP1kySsgr83g28Jd_TW00elFgX0wkgOcTgoEk8EyIeOkrJKrH5lw,Do-aaw23o7qjaCjh0N8OUULBsrIgr3TfxlcTg7Vn_GiW3TrllkWyBxHwW2AzW_vosy1a5Ey8xyEXRg,hLickWfdC8LIN0W4Vki0tdTTTx7aiKhalySU8X3G58pe_BbwyTPxWQBAywLLhk0Bk7mi6vzf-5b6qA,Cy_U9zTKf-UOi-YagFZxPey6GcjoMRAKhyQTbcYN4A3LUkLHwiisTkwlLMfHSCJWReOTcnfZQflouA,zEcNSXWC8dSMnJBwDk1h4nX8981LcRNeUNxOMenmnWhMAv0i0dPhOnJooUMpkavRHQw1kSSYgNdl8A,eE9hvza46ggtG1DXWUj2GPnhOa7IOuyEaU1TkbdELUNQdWyXflwo2eQGpb2PI1RtmU6yM6Hs0U3gEg,uqfCz0FLG4xSN5FYdnjfYlsmOjc-hVjgHYX4QDgpobkIK-pTCzwaYMwMqM47bMNrujOLixybZYacug
EUW1_7338867788,CLASSIC,34m 40s,True,Darius,9,10,4,VuTBTUpfxdfHZc3TpXl92Np1-nOmb5ts8V3PjSY015JK_DxWZCwQXtgyMD_TmVZBeBaGJkcp8YFgIw,CpkwsPZv942i5-WykkVgfloLf4aDwWuMn7t9YhGp-hVem-f9B9Xkgn52-2tSyDGm3omyNwkdBHVt1w,1kQMYg2MKb5srJ6NvcihVwUmuNCODTEduCBfIWbLJO2HC9u3APpjT9kHI10Dn7bSGVpLfKCz8zJUnw,TvCQrTInhUdyBMY2_NXULVNZTQgD9iivtqcjqUvWTQ0R6CE7NJPaywAzoFN5nrXNXQDH9ljUYJhNSg,fjmhh4SYzAMk8uZBzIL5ByFsJPZFmjmvEOTpVOFkyplosZghXt6M9MIoDnhAj0-kLu0u65u_oJhfwg,mDGicWPKxts1dNDcDTLpIEVl8oC1j4xdBBFb2GQUAZzNs0KzdTRCGLZiyyAf-s-AJ9pdUibGkYn8RQ,cupdKazfFOziI98rNwubyzxZm6xfSN8a-YY9SnVMoCQ_dwq8SdA-eBwTKCw1EucHEzpOSGQ6SrQ75g,6-_n-JodA6HUpea-K0HpgntU1MV9EcyHS9Jty4pvMtmlnuyD-37G09G-k7CjoqNtm5zjzy8Ff8L-IQ,5bztnJcY9KNFwBnZ_JNpK8bctLu9WRY6DhzCfNgw3R3KMADAcqR2B55h1dJ3eL4HaOAiY7dKRzzJ5g,6ZsXIYoU1U5xa942P3Q-QZeg2-PzIJh3ftDETHRA44m8wNyENmMpKvTHrJ6inaPLsxV5jttTbfHI9Q
EUW1_7338823559,CLASSIC,28m 40s,False,Mordekaiser,4,3,5,mDGicWPKxts1dNDcDTLpIEVl8oC1j4xdBBFb2GQUAZzNs0KzdTRCGLZiyyAf-s-AJ9pdUibGkYn8RQ,ugHACH6iBa4EyrXeE_UbI1iR_z936IqSNQNpAUEmjaX5VgpXhMxoAQPIaEevtMCpRYspHF5nZOlpGg,4sSuTeFGwgnoEHot4lAg6v51d-R8-cTEVsFtlAYPF-txhsKYulCVhxexY_ScGbNog_spDJBGjS3VDg,0k-LyTm5CImzs5c9Wzx8Q4u6c-9K27WHA8g4LXxM-I7kneFueNR6K53oOEF9z1BtjVpdLpWLh4wmZw,z32T2NEBk3G5oz19XUy6ZyE9xrETQIOrJE43LuzN3IrxTIij7v0zkrdc56M3_G2XWsZyGmD7m9rrWQ,0JCsITgP64JC_CH9hazzFuDOD8M-l3bBcT66qhxdXxdr4YnOK8UDtSnnMooGpMYQUu563vaBycfakA,r7vK4JiMhEn5zJg1fskOgNgkNZJDvnYyb8vrzPCzm7Sh17MVPfYx1mtYSr18ZwFbA3DkCMmgbDdyKQ,98GfdVbt_n6lZe0JQRihdKBxe3cvt9WusEbxGtM1GG1ctYMD_JRCG3aLgbHmxepoMJpDdXOAYwFfEA,aWghUwqgg1neI5zv93Y-9IfxuP-YrukhpmnbTZ768sYMvh84r4jRLDhM4fpQ1txnhKiJhZL_WTB-kg,HrM5Wul6xOvBFviRGX3-GgoyCsPbsGx9hfOVhtcSo1Pvfj_RCNZgmxXnrGH-ugJ9dO59d-m_wlQOgQ
EUW1_7337449233,CLASSIC,41m 12s,False,Mordekaiser,9,7,3,Nzg6cqFn_Z4_kVUGs8DfyM4OgDecH3yWCCFjJ1ZsSHYBX2MiwOrL23ijhmz4zIxvJNRaRMHSW8f7vw,55P4umAsoW-aTy36jiC3LMO9xnytcJo3PC1zM0yYRRBYI_0BLIPQZuva73iG_4RdZno6dz3uKJeTAg,FnaDqcHdoN5-baYdNF5ZpnSzGsMPIVLeDTVK_hwennylNNVgysSKOnBOWshDpzsZ0oB7vhG7x9qJRQ,qXzOV2JPQAu-DUFSSnYYohnhOi4ALt9bHMixXub3TPViqRBtt1sC13jruuCqeE03Zdkh310biwQCNQ,GFwkT9bPBE1UXrtIT7B_CBCSRmiI1AuEUMhJS-fFd3jMVbyuMk2WBFkpHLeYDU63d6pSrXhYAYm1Ig,mDGicWPKxts1dNDcDTLpIEVl8oC1j4xdBBFb2GQUAZzNs0KzdTRCGLZiyyAf-s-AJ9pdUibGkYn8RQ,883Qc6v75qOYObeEEM8We8g1-YP3jUwVgjZpUdZMMsuEWfKO48NHjUT2Cc1DnmPNdw5DhH-Ty1OUgg,N81GGeDtc1Yi9Kinreebof0hn2rl6kUuGN3h-11r_nV5ye9vj1LFJd3ZArPJ_BIaLUqA60tHyhpIyw,589QsLljDhd8UC0R9ap5SyUG24T7_A4o8zF16L_T63pJNmvnukixzxu1hFTnunUok-NaUr4GBMsjBA,VSzXeb7w2VrqJXiTIGtQXUGPEdHlRcpuvYXMNzqzAmBdu0Dv9syRMKE3CJ2xZlNr2kekr7jdMx4z8Q
EUW1_7337398960,CLASSIC,40m 29s,True,Garen,8,11,5,mDGicWPKxts1dNDcDTLpIEVl8oC1j4xdBBFb2GQUAZzNs0KzdTRCGLZiyyAf-s-AJ9pdUibGkYn8RQ,883Qc6v75qOYObeEEM8We8g1-YP3jUwVgjZpUdZMMsuEWfKO48NHjUT2Cc1DnmPNdw5DhH-Ty1OUgg,QrO8yW5BAJy3zkll-KDNM9lk9pS_T5oelw2tZ8ULPKxaq644d_3pFs-tngUUEIArvCJjmaOaAFsqwg,cam02vteSBUqoehRbY3tZ1nQi-Qm6zXoWLHu7BSwy5fwGEKtssCNjRHyBRzAzXwy1RJlIdHDXtybNQ,ofJLAu2f4Kg3mR2S0nhF05rHRGF5H6Oq4SRykgyZJhSReFOTcbmdTYUBlG04dSpGb3lI06Cm71Kqyw,O7R1w2vjDzNHGt9SWTYWuIe-fwBVnUFHUO-0VrTMffNYr6RuCBZsUWIKhbOhnDu0KKoxxrePF-gK8Q,kA8JXjZyqXYedzFdyZjv0adNpA7xXZr_DCC1XlYUtlv95sOm7upxQXa_whz5OaOZLVNsf1Md5WIPGA,F31qeimHtng7933bm6KmB26Hdauv_jHlHl1SYAm7Q6bsPi20nsHB6HLq0LFoXSw8-QPlnxvlSOd4AA,GIOCduxUuWtggfBvZKT3g-JV_JOavnoKUWW3WmvofAdZW_WBkdOJ4zoRo3fH6WKR40IO1G40BsvX5w,UA5V2qIP6remw97GjfSwYTwTLBYlVygwAk_03VZGp-ScY58LrEPJu_oNB0ypC3EK2E9vz3GkB5ikFg
EUW1_7337353232,CLASSIC,34m 14s,False,Darius,4,4,6,mDGicWPKxts1dNDcDTLpIEVl8oC1j4xdBBFb2GQUAZzNs0KzdTRCGLZiyyAf-s-AJ9pdUibGkYn8RQ,883Qc6v75qOYObeEEM8We8g1-YP3jUwVgjZpUdZMMsuEWfKO48NHjUT2Cc1DnmPNdw5DhH-Ty1OUgg,hr8DEpZQu9hHT9411O1-xoieyPz_A95-jsET-PTNtLEDWhc_WNUXjUggk7ym_tGoBGo14ScDQBWwAg,5dMFg01GD3vZch-SrriZhybOJBKTBkZtUEmba9lMRytP2w3_Cmcr376cZ_uhtN0yH_SwNrf4dKwEyw,VqtixCS08RV6IKMte8lg9F1b3_zhzCxB10lRweEXRQdeWmr2hvjHKIRFMyqxuu66uA0KIeMklHVF4A,jReDJjlSfprb_Q6tMj9q7ESpWXiot4SKErR0hDnYcjlXan56fIhcf8WoF93tqCHhxggycbWb587JZA,il4CwSfWnuKtyN4cbY8IDN0i4sJUygEv9py57CDZY1GK1X7J5PXrnDHqQ6-wGkxxStDVsOaqEVK-RA,WLSwB5HnIpCLUmSDVRhN64LtZlu5VBENSNXpQIRP6lvKYrR3R_QHgL6GDHKu-c4pW0LCmEj-qhLNMg,lkTyEBU52PcetUYfTOrJeZZFX-XCo3oKw9Jbhdj7lo0XR9GL-hosn286LQoB5Y37Oiu6wA-DMFh_Sg,XCDSEPj1Bv92d1Y9TiI_BczMCUkTyWPY5y0Pxn3U3vTHex2n7A6AviXPLuwkQFGuhDg2XTY0ayoDPg
EUW1_7337321540,CLASSIC,26m 16s,False,Darius,5,2,1,mDGicWPKxts1dNDcDTLpIEVl8oC1j4xdBBFb2GQUAZzNs0KzdTRCGLZiyyAf-s-AJ9pdUibGkYn8RQ,883Qc6v75qOYObeEEM8We8g1-YP3jUwVgjZpUdZMMsuEWfKO48NHjUT2Cc1DnmPNdw5DhH-Ty1OUgg,N4yeIRsgpHIyMOAFClf5YvmGCwoWZmrbOcP-lKjYo37UR5-ISW9jvsWwYwi3_HHeGP5G9CbTa2aGQA,xwhrVFhd9IwswQ881IkzOhspQBTMOI2jb1p3S7FoorcXGxI0i8lJXTPZLP4hUdKeoqNEEmykKiVgqQ,UNVLGBmlCa4s9ZGujO4QFLiRjMTSp-4IgspJCb0dwSn4RLfcMWdj6Xcjv97B56Nbxa2BWdK-j-5uuQ,iF2jJuRLprA4-8OkmbGllpNyprTzQXEEAhQn8O6NoJHWzohcnkbGs2kFabFI-8umvaKJ_eF2-IpbkA,cGEr3y6wOcszvNNX2EmYJcJZNKlyYh9jY2vJmv0L1MubKTU_iHK6Lv3UIqsFpv2xRCQ3iortwB3Eqg,UtlupFa-HIXgS4MHjQQSFuhJRzbhOJnvIOkML9oyzeznyNiXI5wcQNMc4Q2h8Dm2sHHSardgtWKlEA,mfkoZed2MXj1hw3P8gPKuuKJVv9Vh_CLA3zWN23g-0sEL0pMsCvL6CocqOcD6sXvLXuiwgwMO6G9Lg,EDa-E0teT3yq1MQzqcL4gt_KEo-Th6FfTi4vobiNy0TLHoXA4YyEvgn4VVm2JNpSgvPkKULVRkbqNw
EUW1_7337246881,CLASSIC,27m 12s,True,Lux,4,10,5,Z-WYhjNuceBkdvsBYonNASd1xpTBESb11TBDo8BWexkVYMZ_wDVRAaqj5mOuEPOArGM8vCeMNWgnbg,YFW0ZMqYT5pvq4MwepsI_oVOi84CM4RP1jHwgivrTQuQhgRxWzgbGCIHslGaPDj9dV-bY9AKyFg11Q,d5UwrV-GGIBe1DMq9KLnKpqC_fktP7hBVzsGk4HIh5_PVeh-u1xSLlUCt-oc-pOqjq-7GxDhuit7fw,fEUhR0_y4felZ2sqAZQmvUr92b9q6GgD-SuunJgTq1C2sVsVdLdF5tsPOd8ivUII_iqUntPFbKTsNA,mDGicWPKxts1dNDcDTLpIEVl8oC1j4xdBBFb2GQUAZzNs0KzdTRCGLZiyyAf-s-AJ9pdUibGkYn8RQ,RelGtxK6qD5J1APC1m5DH4k0YLygEqvpQSbl7pLd--QqBJ5VOt49_D5RsvxuO4LYLBZyub1Iu7Rhcw,uOG1K_dHUNuSUxm18hQ209fovTHhaI5WWTVOX7559Zy5NvS3VMEQTWys5_aDjed4Nx0KX4BKuP-vmA,0y6r8y9kLyrGQXf0APVRXt5tkSg6Itlta2M5p7-ICUYE-QUAWnqbjo1wUb0d4wv2EMUEQb2O8XVVOw,T7Ip1QIhZjb9sQW2mO-6xqfhayc3bMm8CvrYnwABP72l_a1srGALOyWBDNVQV-IgNryh1s1jhA4RVw,5YRFJ103l3EfYGwHoVuVPr7WTGzyt6fcQWbFnuXoIC7hjAQP3Gm1MWFi-L2NKxotATRpA68CLZVIcw
EUW1_7336691450,CLASSIC,32m 5s,True,Darius,1,13,9,qkxEKpjuYMBnYi06-aPce96AM41sZEgIqGdcf5qRgqk-9TsKFVIdNqbt7zZYNVhB1lZaiL3hKvQqbA,mt1GoTWKyKsHd48kYDbtXUh_qcIlMlGEFHwYeC7gBT-6jZKA459_enk805JqLzHYmrNtuktMfBblYg,zmLy-Rhg5HgrXM9q6Ue65jyHj93XO7IJVb8y5Zd9HTS9M41GGNpUwKuy_dhM2M0jJAwVJAuwfVbFEw,SXMyerpFSQy9NZ_9z21vcnDFu0lOJx-y-vaz39fLEkUc_oWs3EGjc-MJgDaoTRm27qqVfe7JByhQog,n3XhTbMLlrZFg2DZRWs94GDXXlIguOyb1Z0NG0O2PUc6stI7dPFwLw5wLsCDpDVS09ln2ZnoLBVljw,mDGicWPKxts1dNDcDTLpIEVl8oC1j4xdBBFb2GQUAZzNs0KzdTRCGLZiyyAf-s-AJ9pdUibGkYn8RQ,883Qc6v75qOYObeEEM8We8g1-YP3jUwVgjZpUdZMMsuEWfKO48NHjUT2Cc1DnmPNdw5DhH-Ty1OUgg,N90WkIbC_bhmQiOH7FaKuMaM0Xp7Gv4j3_iiCA3cfGkWBQc6VGBN-ngTcxVYcAEsn87LkizYOflfHQ,sVZeLHOnXXvdD_GsfM_n9BB6x48i0UFKrng-r_mh98GLnB1PFkAJ5G-KFPJtY8ZJ1YAlr8P8XDUYTg,bwBIUUhSQ5E3jLVYV8-83SjsiA2NZ0Ha_Dm3UcPYqB1i2DcCfWgXDDskNt-gUtssm8JsP03m6D0IQA
EUW1_7336642508,CLASSIC,35m 5s,False,Darius,7,6,3,E8iY62DaFhguu-qo9iDzaXuMJXLG6zpJq1auha7taR5hKlMzAl3Xf4CKnI9c6DkU99o_o0EwC7nf7Q,n3xjpmuHDt3FweNXkrE8kSCfPJsIbyAZ4VFmuxUAZs1M5cLFzHgQnQaSleXzJuQ5BAiRxIGPUAcOWQ,frts-tXq83E1v5QLZCXE_RB4U69DClQfoH7DmhAlVir-6Uulz3EMQVYxa2_CJiOAwEGX8qa-OVMpPA,TlwhkQXvEysx3NvzjaPTwhFUaLQyOKSZufx7lgLEiWTAGwv8ZcBpoCpOS00pdUj8x-liOGW5SeWCTw,8dO2xDqweHYXi2gmMIozcAJFDhJ4xCaXqcHwRF9cdYXglaPsRVQkSBkphm_XlBRCBmRZ7Wc8kaYk2A,mDGicWPKxts1dNDcDTLpIEVl8oC1j4xdBBFb2GQUAZzNs0KzdTRCGLZiyyAf-s-AJ9pdUibGkYn8RQ,883Qc6v75qOYObeEEM8We8g1-YP3jUwVgjZpUdZMMsuEWfKO48NHjUT2Cc1DnmPNdw5DhH-Ty1OUgg,N6Hxz3Yfw2rR71cMO3kHz2rGZjsMvY7Oz38kUUesAIa91q0sBeo1ircTtGT3UE05gEvTyP35aATftg,QvlPRj_t52fSMWhHlfgobntKuEHofaOM5NKof_iIZgVzSWae5lOJqMIGHSjvv3TDbc46LXXNKlN52w,omQxRejAfEsiQqvjrlSXX-1-lI7S4DZd6Zn8o-nMVIF6NvJJcIzcsxG52B58g1Zeg-vv1TAbglxRlg
EUW1_7336428932,CLASSIC,41m 27s,True,Garen,6,10,9,mDGicWPKxts1dNDcDTLpIEVl8oC1j4xdBBFb2GQUAZzNs0KzdTRCGLZiyyAf-s-AJ9pdUibGkYn8RQ,883Qc6v75qOYObeEEM8We8g1-YP3jUwVgjZpUdZMMsuEWfKO48NHjUT2Cc1DnmPNdw5DhH-Ty1OUgg,DBs858_TEd9s3kWQ87A8HHm_W4n3YyLyzoM24y4HLmyPwwoPu1UdcOGHWVuDEugFACuRYTZwOa3lBA,MQ4qDqiFNaIPPsqgqPtMNMJOPvqiftzEh72iIOjdh4_mUfH4uI-IzOjGDVppTkVJV86QptCDVwPQEQ,j23bjdrgQzRkRhB3Rana48Qg1BnOXe164Tydp6BTp-mM6no0JOsA9tldoh7t12aKTlhKTkMRPCWe8A,HhnZyUbhpQXB4TesnPEIWxVkPP9yjzm_F5RXUGqydt9L80UvD7ecn-LktSLK6zEdZfjts72bKeJSxg,gV_fxt9X5gCRRgWb_7qvF-IyOBP8lvLjOcN5jJ4n7BUK47b-pi9zIIfguZzKfb6TiXY7bWs0NM-5BA,qa_kbxB6yLH1KxEqkNSS5QxrZuw3hPHwZbIxKCfsRZ0AlJrAqWPUdRGj8kZ8BwyEOslLIEKmsOc-Og,JqJzGjxVMZdbmTUQWexsze6g92xwIQeXT-J7G-glGbf0Bs2rdL_emXR81bmnHbXYzZhtKfEYuvSMFQ,CY36rPl3CXZ_c1hWsVR3kBh4_NiQXWlvgvqjgb1ZJ1Q3konU9GhSIutOOgZjypFKL_9m6pM8BSMgVA
EUW1_7336374983,CLASSIC,35m 29s,True,Lux,1,13,5,xv1w-2DEASm_s6ca0bkSEAx9aUqA-5KePBY6kjQFL4fLzx2or1DaT-XW0oOzP8WyKFHVU-y9G4Ky7w,883Qc6v75qOYObeEEM8We8g1-YP3jUwVgjZpUdZMMsuEWfKO48NHjUT2Cc1DnmPNdw5DhH-Ty1OUgg,JqvwP-7u6_95HrOhs5zoJXbLMVBvGUrx1JzBwWojqmMNCnIWZwiK3c6MtxNmWPMWCB-vI3bzW_JHhQ,j6NPGKnkoO4UXdaB0zx7zCMCfpEcaojpzeKZT6wMjO0coc-tKNANDKHu3KcIuEikkIbya0zMRSE8bA,mDGicWPKxts1dNDcDTLpIEVl8oC1j4xdBBFb2GQUAZzNs0KzdTRCGLZiyyAf-s-AJ9pdUibGkYn8RQ,GhLYpKFQAFCnwo0vfaJ-4HjQqP17GkmnlqUVQ2C3Sq12VUtS1bPu6_ZjXBY2TEvwLtlcwWUYbfoPvA,f7GXpG-5cBGsaa8VtUHYl3H8a6c5qIQSeaC9X7SOsRWNK3keZhNosTPesERBZ8S4zRMcnyPCmVk2QQ,iOvKL87ioefn8wmqDtsKta8Kcfcmvgw51T0NiLlyx8XZvldseodv7Ugr_2aeVaEWz-5rW_p2CrpKxQ,4peM7tfr4F3CD-FXLqlfjSOxiILW8M-d73g0TCvfyhLgTXBUasaoQAx07s8gzONQTyPNmiTYTpL_7Q,pXuC6_7fqozXkwhz14cj91Ok6T0Kh7vdK2s5HLFhC02CRjW7HO19FJKwSWI9awjgkBdxpMyLdEG25g
EUW1_7336330300,CLASSIC,27m 32s,True,Darius,1,3,3,S1BGtBW4Druo5wYVDCtqncDZ2scT62vYYpckwMy0HWmEbCNMKPNGM3tI1ReRjbVast7J1cfQthL8Iw,FGG92SKvfX8QTdGt2k_QOKg32FASVBStlRAgmzpFzRGCMxdWzbVcIF2ZMfiAxTrqH6TEq_W_47L8pA,TJB32GywD6jDm1CLGTYkdje4l2NnXGumbIjDtkXLXcgRcZWFwr4QysN0vFhcAgAhnTP2DP4GIaQnXQ,8gZD8gIBctMSIEPea0oUWaqdAJaKVh81fL79vCybLzUWj_-e2VPgUTKomjrXb0figCQJ3EyybyMYpA,fxhceyGrLMcfVkOv5QXmPf3fOPzFowq12i7XfyemDeEzfS22Ua6VDk97dYr5iBzqy0a8uGhYY7zxHA,mDGicWPKxts1dNDcDTLpIEVl8oC1j4xdBBFb2GQUAZzNs0KzdTRCGLZiyyAf-s-AJ9pdUibGkYn8RQ,883Qc6v75qOYObeEEM8We8g1-YP3jUwVgjZpUdZMMsuEWfKO48NHjUT2Cc1DnmPNdw5DhH-Ty1OUgg,nxcEwcMYYvI941UfQY5xkgY4kKIsUiHKaqYZIfwONt8agU7k4HgRgELqbNoCx8T22Mn1bGCwHSGRXA,USXNwP9VU0mtw102md3mkQb6hoCj5v8uC-KGtll8mm5RIYljYT9TD7kfrmEL3lARYcb6YdAdhZhnJA,8Wnl-kGs4hJqqhJeaKTPT_HIjFm13z17lV1KwV5uhbRa_I54yDGKx4XCN9Qta9-q4or-kyruQ1to0A
EUW1_7336290590,CLASSIC,40m 57s,False,Darius,6,4,10,VbO2n37dkGHOwCrmTQPcS7uO_JTewhTqw_4nsKzzAby_xFn3A627XbKQnCSIyvDfluec5jum7ZUv_w,_Lw4LYMVfX1stRxGR_DqxIrL2g4lYFQ4M14dxQiQGzELSY34m3bxyHvnLWzgcE1qCGOHtVN3Qe_bFQ,jQTlEvgGhkaSaa7pl0Fd_n7wH7h9h30wbqrtiN9F6-CKKRnevOT93egR5_kzd76PiVx4R_dGhHD8vw,MXmIuJSwgdPKweqyJ_p6Mqpp0TnGY85SENhDDAH5ZLAbWeA4WEHIi1QZ6LdcQ3GXr6SgiXEVi9aIpA,5Pjp1q-vA93UX7TDIir8ntH9r4BXPSq0bbBXj1izyTlgnHYVzCUdqyRMhr2MqB3WWcO517LsADYwLg,mDGicWPKxts1dNDcDTLpIEVl8oC1j4xdBBFb2GQUAZzNs0KzdTRCGLZiyyAf-s-AJ9pdUibGkYn8RQ,883Qc6v75qOYObeEEM8We8g1-YP3jUwVgjZpUdZMMsuEWfKO48NHjUT2Cc1DnmPNdw5DhH-Ty1OUgg,FEprAe5YAXOzBAJWAjw8CTfLJShoaY1cDWiSKyHPKiYvoBMiaL-Hg0gDCcd5v60WZfVaDtXBcfH3lw,EYwRpgknBD7o1F8jnU_dDiBvwRr7rOtuaLfPAUy_g8Lq2W-zumMz5gnQ35ZEvQv6QBUUrNBAna4aEA,_4zY_ocO5EAyAgKKPqsqiPRbwJNy1_j71k_kCijM4R5_wiqkVI5Egz6zmvBjfBrUBHAoRSAW1CQJ7g
EUW1_7336265789,CLASSIC,16m 7s,False,Darius,0,1,0,_GAaqM9byJDNv5QZCsWsnSQhtesTbtcMIxrMNBGTyzJH95cctHxFBhE8pjq33I_QMT450NTwnZM9VQ,OZqS5ugt0mYjArydmbGJ7iJICI0zf1fP6f-etFuHMjx3SMgGAqxhSczXE46KXbjW_zj-QYBnhtSrKA,Ulmsz_lBaPTy0bQrgrnoDU2D5-Tk4sJSZeMUQBQ63_4rTAHdvDVecMMlKU_Ev8IYLzljaaSMDhLGgA,N2P_PeczTPWaBHjbT_B8jNIL92d1tRH5cxg0_mJKbNuVpT03H4Y96aLCLJgsl9MMAp-be7LOz5HNSg,ZHei9OsZPfl-439bSu_7g_dPAD_iCiVzIakfCfIop9WKaPrNmviMYSz3GbZFY1XNyX4aLZLIy0iJAg,mDGicWPKxts1dNDcDTLpIEVl8oC1j4xdBBFb2GQUAZzNs0KzdTRCGLZiyyAf-s-AJ9pdUibGkYn8RQ,883Qc6v75qOYObeEEM8We8g1-YP3jUwVgjZpUdZMMsuEWfKO48NHjUT2Cc1DnmPNdw5DhH-Ty1OUgg,kjBBZ7-uzEfyEyp0yyUeCeMXgB-X1h7J1J86cNd--fizJ-X6L9rOLnlw9cA_8rMDFN9zBFDTMlSmjg,IJedKOoHRhwTM-BmVLdrbbcNrVJiQrWX0IzTX7Eo6Ven1t2FwcDd5nbOpyESTkxVcDa9PwxJx0ZKTQ,bvo2WuGthL1uFfsoIASpirLzlYu4APIH77iKnf3G3b2KwHahKI5ww8Ai2Wf9ov_KQlN203ixM73M3g
EUW1_7336217246,CLASSIC,38m 34s,True,Darius,5,10,3,mDGicWPKxts1dNDcDTLpIEVl8oC1j4xdBBFb2GQUAZzNs0KzdTRCGLZiyyAf-s-AJ9pdUibGkYn8RQ,883Qc6v75qOYObeEEM8We8g1-YP3jUwVgjZpUdZMMsuEWfKO48NHjUT2Cc1DnmPNdw5DhH-Ty1OUgg,ezIYDBznFbBXfuaYF9TL1KfZim6a6DNKMoGD-_Jgl_Vks6oC-t4G7XMMfQQMOkJ8Rg9FvKWzQzSZaQ,fN1sIT-UClGpDeaWiKpBfL09wN8f0mkoH8spOyXZs8FyonfCAU6Az5ho0g5XEsRIuSsmWC4IhXRefA,GuUY8-K0Qg0ff9pchG9sdyNk16FQx1I-Cr1TX5bsYSGdPLRv-wQwJvF8j8ZcQBm_Bat7j4vxEUM_Xw,IQLusJomi6EZEWShStDMUlG9bVkm7wBZgLu1DkTimveN-RnaT34r9vgU7AYlv6xLCF_TF_CTMLxNLQ,J4tS1Z5MBJUjf3axkJHxJA-0hHK4A2Q4ewv-ARGikkb8LpuVWv_NnudPWEI-0UuQ6gV_kbYug55WJg,XmI-Ab5EcIp4LPQtu78k1skS6Ijb1MMqx8rQv5DtrBXNSud5wtbe2wftKuXGHinwnU1-y17M_L_rjg,MRrNNVJLBAFlriZ3awSeE5LNbM-gCQwQTK7JycFfsRo2h6vD8GTJLHNNTt9ptBYOpOJnvl7HvFCsyA,5Kqs_dZMOcbIQdT6Y-dgd3GAo587MaurVGNAViNS6KYwfecrHtvqIp3IzATZRcLEAlVYVoW-UXYqvw
EUW1_7336177360,CLASSIC,40m 56s,True,Darius,3,5,9,2y7k25SFnkn8-VRP0GXKcczGho2cLvevx64tk4eSNgUeJVWJLmpi9k3AlhQvhHvVeneDuoOvQb4xoA,0SE4LD8pc0ybivDnDD-wdLBa8SGjHR-XRvZvXY9I9MyxqFKED41b1wO4H7EikTVojg6ugOtCzHZ_GA,LuZIkbuT0WfehIfRPCOHMciyTzfsQ1QF4WLt1HgXDU6lm7NK72K_LlMioykMui5NBg7l1NUxx6mz4Q,zqWRHgwZyT3nl4xlwIpdC_V3cyE9-1VAoloqfrzZd3UfWpMxoKMUqPtRSOp7ttINglo50RK9M09ZiA,v-X4iXcqdOoPh4KEgdGpAsAYiGhQWLpZIw0USmFx8Zdos6nIYq6Uu9aImhExPQBdEI9N2YdEF_Ra1w,mDGicWPKxts1dNDcDTLpIEVl8oC1j4xdBBFb2GQUAZzNs0KzdTRCGLZiyyAf-s-AJ9pdUibGkYn8RQ,883Qc6v75qOYObeEEM8We8g1-YP3jUwVgjZpUdZMMsuEWfKO48NHjUT2Cc1DnmPNdw5DhH-Ty1OUgg,a0ICXAnlBkKEkw0ZcJL28nFxvynzSO-Ddps74icWS-06avhsH1E4P7WtDYraZPmM1UiwZjjNCS2xcg,uOLDs99XZNAHTs9POoLyqm9InIZixp9ZVNqZHcIOlz2nWwRGuPj3T8MTOTFi5NhT2upJGDr1-UQLsQ,E8q0nGY0VJQkAFdEdMO5ebHQO7ETyk4iAs_4OWyckLxlTdrb4Ov2r-l67iKfQ8BHII0xfmagExLuIw
EUW1_7336148540,CLASSIC,39m 59s,True,Poppy,1,18,5,7nxlxu6ZXhs1TVOWlEa8l2dx1YLX1fDXPvUlHR4rtxwYwWdFlhlBpaTjbSMzxA4zh513ti-Vdfvvdw,A2nUJuNPm9Wl52h4wJY5b51dP-gNtgDx0DeQkQDZ54XSsf2IseAsXeEFZQDm44M_TvBAAlR-jAVAgQ,H68tAdjDeuMoktN7vPFGRB6v6OttAZapeG0yiduW_3gQLVzcnV9FnVso3LEpLv4P8E8C_2QOtWoZ9Q,kpZFYT0hmc8kCC7Npnp1hj-4IjvgitEcoXj7dLUioULzYYBkTplwPI8mauPAWi6lZ-CoedEzIrdFCw,mDGicWPKxts1dNDcDTLpIEVl8oC1j4xdBBFb2GQUAZzNs0KzdTRCGLZiyyAf-s-AJ9pdUibGkYn8RQ,9MrSGRP8QQx_4wCDCOhcBAwbEzS0HOt1SLluiFJ52dotHztbfZUMcdJp7LiZMUxJ2Vx-0O-gfhn0DA,KO_F7SFu05iALxIjQksYKiHXRcIzyyPsbRY4VbsUiusOw2hCsQ1Mc-sbOy_o8_PD_GLWbYt5rM5muQ,2bksteXTv8z9KXkH8qPla-hiEXa4RJK94Si9fwYqbATY-RAsMMS3wnaFZ3CGEHyyqTNB3AfEr1hB9w,dejv5gKw_Zib1iAzCyyWC2J-0xVGbpz2kvZxxGVVmgUDX38w0_YkQJzaX7Ew1MOVpCD2mxTgzdKVGQ,1Ois7sH_nSvBJiEpLoxhyR9YvwoewuOGn_RVPLOEnCOk0QYid_p6nNARN0bkhbqAVPNxO_axwSqTnw
EUW1_7335817269,CLASSIC,43m 45s,False,Darius,7,6,8,mDGicWPKxts1dNDcDTLpIEVl8oC1j4xdBBFb2GQUAZzNs0KzdTRCGLZiyyAf-s-AJ9pdUibGkYn8RQ,883Qc6v75qOYObeEEM8We8g1-YP3jUwVgjZpUdZMMsuEWfKO48NHjUT2Cc1DnmPNdw5DhH-Ty1OUgg,kFcx0IPP7IKw89C34CdvVuph7kMxiFqwMMf8aTbEIZgFJWmLElQf4vPmHpe7y1VCEo004x_PcYFdmQ,cuPBJnJNTQQMceea4cyOINSXRd4r9IS5s2uMoyPgCluWMbtyKPNDrA0J29vClqapGGMvXrNfZiKIEQ,hiUF3bhuuNBs6hOvfPyGJPgXHfB2VfcaH8Dlx1C_9YmtQJyq5MP4gI4aCg-i-KwcREo0kMoZSPZ9YA,S5R70LgA6R2YObyrPiT-fQ4pgLrk18VsmHVFk28k86L20CWk-lp9T3visM7oA9-JcT5XJM0vtiRpBg,JBqLqOeM70zAfzrdaxwWJvxcnwjgh2X0wCaPj1_9lctwxJnRRbnXo6TOjl7qQf9g5-OjoTnSDiRRyg,CjtQVGZkJLPeZCeGKM28M3kKA0P2h4KTiOlRcaagzgPDxKYORNrRXezdKNUUh2YUEVd_ZSxQuDsTtg,xOdM_aeD7oIhp0vTHq_U1omFQN3ycyfGOS8Lly5ObcgbMjioV7zzfIgN-49_0l5A9yTTT2FkdaTJMQ,7AJrrHcnffFFE-_j3Sl8NtGbKTvz7qR3uOSnTocE1CM9GjDKvgMAR_KaHfhczTGY_6so2N9S7vxKpA
EUW1_7335762281,CLASSIC,40m 15s,True,Darius,11,13,8,mDGicWPKxts1dNDcDTLpIEVl8oC1j4xdBBFb2GQUAZzNs0KzdTRCGLZiyyAf-s-AJ9pdUibGkYn8RQ,883Qc6v75qOYObeEEM8We8g1-YP3jUwVgjZpUdZMMsuEWfKO48NHjUT2Cc1DnmPNdw5DhH-Ty1OUgg,hZ9je5qtfLU172eQOXdYJLfH1v8JBcEU4Kea6U-9lzgN6_W2L5T5jI0jjyvhmMLg_-T0ObJt_Q7v2g,yLt8CRZ7BvG_OO9AkZ1Hlhbc9iyd8MsUgiF94NbADnm5OAHUhmkkdo9EM9XKYNoq9HTpMlcFz043sw,4-qNqgD22r-JJZ2fQtdSydAuKL10rZdx7ah8KQx_CLD7WKQU7PJAyJaT26Sv9n_qRcLrE82xsKUMeg,3OrpdSyPZ4lscYGS-h0a53cTbfwZzz_C6Rt40FHP-QEqExIBPn7FzScO5ON73iEeIT_faGeD7rKhEA,9y8u8QNKh_uIxUR35qPduRxtKOedu4J-TstJt_cZ7DIp5z8QUzQMQyqTU6tfrXLwkwJ0eVJ4_8kulQ,xVSFgKqartXP5VIMRJIEJJGEF95sO-2r4b987XyMJH5Nf2CLj5Ch9z1a8m3skaDTzhS2ZWiaLypLkQ,nxDFUCA7EbWY-QLiRpTnMQm9woPjkLtcqdb1zAxRq15xw7de_PAh1YlYVC-q6TzSocsJaMm6ZktQxw,tP6sbty_AEtTAKCJAnoGusJARIumZz2iRp5hrFjczipJtleTGduP9WausPvcxapp2WQzhOCz1j_BYw
EUW1_7335721915,CLASSIC,27m 22s,False,Darius,5,3,6,hhSUao5aQxo2jSayc_P_or6BLpfh3BlzrSLdJqR_auk6V4YQzathRfdgHs8S4hNV-zgmkMUnboFWcg,MnvUgD_Z-k1bi8ExYH6U5tmvTNf8DBSKmuvjyIdmuORnroHhQBSIZaNXLwAxPG9jlowknsYytTnEVQ,vYJhGG6IzsdPHNELAdEo6tsMRh9B7jHwtDC_1n900P5wmJGMZRrzyf9eyB23XB5H5BJcIVxGrCPTVQ,RbLc6vemM5YlAfjw2cAvPrKqYe5MfZ14aA9f5ms1GjgBA71p8xzvWBhS3rGJPaNZBJCp9wzzh3lwrA,Ypn1jCulvtTbarsOq-VhpT7dSCIuKOoOidid2nbjSO7Onl1cCCpbdNJLBs8Lxg2KdEXn-foQehVFew,mDGicWPKxts1dNDcDTLpIEVl8oC1j4xdBBFb2GQUAZzNs0KzdTRCGLZiyyAf-s-AJ9pdUibGkYn8RQ,883Qc6v75qOYObeEEM8We8g1-YP3jUwVgjZpUdZMMsuEWfKO48NHjUT2Cc1DnmPNdw5DhH-Ty1OUgg,1NchTPxRd4s0qSDgjV_dOpVzzZSBbeu19pL15fOICTKuBg8jJF51qtaIRF18BlezZsq9o9unTVEQHw,igE9-WBFQ2I7640UEn1jBBnY-flMaR__4ixlQX3BXELLb31OyxTk1LPagdJPqpkSp2GCVHx5TYZDEg,sCc3jZHCtWNg6GMtG1VT9pDb1PXxE7T9ZD9fIBejLJ6lJjIK2IHvLzqVfKBo-4gXofpIf_104qLc1g
EUW1_7335666500,CLASSIC,35m 16s,False,Mordekaiser,4,6,8,mDGicWPKxts1dNDcDTLpIEVl8oC1j4xdBBFb2GQUAZzNs0KzdTRCGLZiyyAf-s-AJ9pdUibGkYn8RQ,883Qc6v75qOYObeEEM8We8g1-YP3jUwVgjZpUdZMMsuEWfKO48NHjUT2Cc1DnmPNdw5DhH-Ty1OUgg,3MvuUYCEqcWWHUYgpwsvBUte45VhiZsj6qZOADzIJ-ttWwRuhSBNAgn98mEqomSRlTxn4aHK-nrBCw,SONqR0w4QygqkGB62cQNQKYaVhcCtoKhtPLn-T5EOZ43i4Ud4KUEPnQ-TquUb1cFJeABfasis9tyAg,uDHTZgGVVQToS4qlTvGXjqhstV1xm7yMXZAOxrqV34WZu09BqRYncNtJVWo_6Ypd3qR0QuqdLXkUPg,33_QGsqLBHR20aGGDW6W2BqHFxxhWfu2ERNuP34t4Y4t1xjmPFc1CSbCbRyfpYBuJdLmVSpUxXgDIA,TWQacVTdE_lJDeiKQo9UcLSSnEQ4YJjvyluqvG7Tn7RwwLV7JY0cCYv3_doIw_fAa1yNVvQ0_yLatw,g3D1DZq0ghX0EepLsz24SFg9Q6Ep3xExRq3aQQMuxdHJ6SAFvZp9TtAl8YTi8nCh9DyxV-ChTA0yOg,Teq2XKqBN6JBOPkVwNYebU8qoO0fzOEOysAo73dCrFaHK2MoT_D781B4A3UxISc22XPriiEf63G3JQ,yeQ43gFDBCiJJv4EEbZOiQQmZ0U9qgN031t9DvHiZgBFnqsWd_kaqhnKUD_bg6_csJOKJufY_0FNRw
EUW1_7335600599,CLASSIC,39m 29s,True,Darius,3,5,1,MyOfzwayuAMjlPz4kHl6PzUevEVEtlDcvHSGVGcRiW20LMa5s5d_JaYYtzadTjPg6D_5W0tx-NtTkg,USDgl3Z7LtS8xY5JlYeTOX6qj4Ui-ARUoK1vmHzqUh88eBFFpU2DfN4WKwqsHRNOD0Fi9nO4iB48Ew,zsbCIM-y5LbZVwaX1KI2EfeDwJI9J9XLE3G3Fzx6VXF_hlog4tsfztjA6kQgOs9vI4rSk9DwlQ4PmA,ZgK30PL5_0WZcKO8HA4IV30pLUzYohHsS5SQP9zxjE5mV_yE-6N1zPtXSIwWcOi4-3ZC4y5l2KD38w,YvbDmKZetwccwXkOUwSwslgqaIO9Osu7mxpc11y0tFocR0tXCJAa_6yXYUNmSVrQikeeHUM1O7kocw,mDGicWPKxts1dNDcDTLpIEVl8oC1j4xdBBFb2GQUAZzNs0KzdTRCGLZiyyAf-s-AJ9pdUibGkYn8RQ,883Qc6v75qOYObeEEM8We8g1-YP3jUwVgjZpUdZMMsuEWfKO48NHjUT2Cc1DnmPNdw5DhH-Ty1OUgg,JwcCjRep0E-cNuEtgqbrPFeKA6V4Mm6vTU44FIECNsIQfLJ_0mFlJEkE97ZhOMb1NwFh998lIWXjuA,o1YPeJ2pmHwn7836fuLJjm3LfQTraxtD5PPnam1vvb8riWt_y_smpgESEqDNjQ5aW_dV1RXzkIiA8g,h-bmOY9eajIhZV4gDDoHFXs76PW3VyjEZ4ZghSGCFRbzQDlIDgmUDbA9niEMueHup-vR2hO7dJXr4Q
EUW1_7335518311,CLASSIC,28m 54s,True,Darius,8,8,1,mDGicWPKxts1dNDcDTLpIEVl8oC1j4xdBBFb2GQUAZzNs0KzdTRCGLZiyyAf-s-AJ9pdUibGkYn8RQ,7mxJGixeIg26MuzSQ7uAfTo7oqlGrONF0qIj6c2So_0jcPV2FuAeHJ0kQ0utOu-gidE8gSYcbJXO4A,mH1GB2T3XuB_vrU_yw9CNuAtGjHeAs4h_-71u7YQ2JnOgcDxoikHveXaQOjyhgBT6UH8fxlxnxoKXQ,ru39bDIWniT4nfg1r8Tb4terYcbFsLXGaRbqOyCFOET2wg6UVSMWDN_aiPEhKP5i14mw50GNMUGToQ,MP3tOri7WN--m9s3e-yNM0bqWT6cDJbHov9kVULsTVRSQLSyKHE7WgMmB-zItRe7_LN1nUiakhm5nQ,UMHKIVnTG2ZuRd-PurSb9MXmErcA_KznPPyTZsWf9Fw3Ua35Z3ObFSvk7rxbBb4IhFXrm9uDf8wUOA,C6ibFn8K-1hWIkWzlr1dUnquOQwZvlQKoJ87spjUD_Ypf3RLYkjif2QPYva3DuZmmkqYOwbhgDgJ7w,Pq6tc9IkpyFOifQ-BTKIxJVMpD_gNIzSGfhqz8lDNVaxcb9xgDf5coX3SFzBn3J0SuAWYInaFg8uYQ,6S20ZcZbtv7WAkU5OA2aNXwBHOqemPBTxkusPug-oA7auKC9W9YXAd3eCEa4M2KiqhtEGtUIMGupbw,E7IXk8ktPw7Uf-_c-KMrwwByuUhEQNH1IXtZm3Q0B9H3bFEhmZHuvfy13YtYC4U7ScEg5s2WGzHmPA
EUW1_7334790186,CLASSIC,33m 31s,False,Mordekaiser,3,6,4,mDGicWPKxts1dNDcDTLpIEVl8oC1j4xdBBFb2GQUAZzNs0KzdTRCGLZiyyAf-s-AJ9pdUibGkYn8RQ,u-HDybqrfHxzQ-CbLq3JzVmugP3QjLJlmmRW67iQ51BiTCJu9Lm_mlEf4wvCDK1j5ZoxsdT2yTNBlw,koDuYmcfGqpHGlnthVMTIZuAoK1ww2xYddE7vt6h9gzEHMCK9CtbQqRlsAJy8FPDK2TQOhG3oTYA_w,WaVrkY3EBhFGbZNFRaa4nI11fqmTnuWPK7t-E3VcVwjaNdUKczDOOOA0UmSJm3cQoO77Sb65um_wDg,7enIqGRMnPzyQiLiwMbKM-HacixE0y9khsrCEIemHdw0Ud62wCizDOnVXeXeUqAD2IsrgLt05FPfUQ,A459F_zZUeC2mdeXe5yS4AbBH8Q50wnOCe0n__JkFX4VnSoX-Ne1Tt7WrSDi2ntxiyMLZLp3Hgasow,pziO7kfvlJs1UthGOdzaJ1yOyTU6fGj93Jo9W4la-rortlr_ATyxeZiiiia3rDrdoyKZS5ksUjTGEg,rRJKfkKOm7j5FOnzneZPuX7R17cdyjLP6NmuaUpBIX66w-5xsdJzg8PV9KvwMngc4raU3hqd51GNeA,rqNLhNylkYZ_lzbDq-bKpLR_5q2Rb2mvGQT2ce2fRZTufyANeC-aiqjmTeJCTsCmrMqJGNbXFGVQcw,H6OAdv6VqNjsI2PWqwm8beX8MMgYkH1cMti9VhVNa6m8asvm0lxFQXVPhS25vHKfg3VeAtje3Tgxgw
EUW1_7334754610,CLASSIC,29m 8s,False,Darius,2,1,6,a4Ann3RtTXS-XtesublWhp-FXsI5ZbUhK2O7YO1ZsrQNV12trv3TNbIV9zA2mloTFJhKurK69q9lJA,v_SSdxA4OrpjsTHP_0NWIn-JmyY5mg0XwjZctEEUaewcvX_0vKeWBfUW0eZtr_sYYZSZrmxMMemqnw,CkeLXbIT3uUBEZI3Fpy_8D3aGPM3GsV6cOEXLjKr5Jr5HuccgJTEekgvJw_6TuT6TOxVWYg8YZ_0fA,bsR5CdoKAgtjQtE5sFmpebidJbPC-51SgEeLdoMBr1R4BmXlUIvZTkg9ntdx1BO12la5iSxGU-j7WA,EGrG7vorKtT9L9LbgRyDjHMpAQYnAQP2DKlei2T8LnnrGLcf89X2nG3-TxvMOQ0OtwydUgh9NAgsWQ,mDGicWPKxts1dNDcDTLpIEVl8oC1j4xdBBFb2GQUAZzNs0KzdTRCGLZiyyAf-s-AJ9pdUibGkYn8RQ,6kPBeQyWwZL3AU-8Yl_WILusTbk-jb66ckQs-86wDjAijnAdEMXv2Gbj_VWUmBqQJo08-JP8A7CYyg,Ol9WoaIdsrET9jS7ppSU49SGDsg3uiDvWJVC3F3UERipcaFHWbQr0pGzA4OUzwcKQTi088t4XsMe9g,o_2s7Nf0crIWW93IbIyT1Jdo7b0lz6Smis4ti4bcJHGNL1sYJpZ_PCIGsPW-IjOOTCqrNbmQ7_tafQ,BSoGo6wW4mCyRpfNqmnGW2q1xyPNcXHmftLkFwQW3hHqUDjFmExmLz4-_dHt-EKZCr1PjQsbEXGQTg
EUW1_7334706526,CLASSIC,29m 52s,True,Darius,7,3,3,mDGicWPKxts1dNDcDTLpIEVl8oC1j4xdBBFb2GQUAZzNs0KzdTRCGLZiyyAf-s-AJ9pdUibGkYn8RQ,2HMyxR4ISW9rWZxnR8GLOMw0RrAuGjfeXnP2KqHS36FmjzTr1F-Hk4Cg1_0n0hUvKPc8E6JYie05AQ,mr51vOIKBZQqg3tQh9kkDAs7fM0qXkH-0UwIeIDK_q40udysF-97pWGWs8zEjHK8PJ4qXqRT4Ct5nw,sHAsf0ivp6oBr3iRMY3j6YoYourzpPJBjdS9kD8cF7x_efBQx7mJ9zj-0zQDJ6A2Q_sXqKb-1Wisqw,wZkS6jHJp9gfmT_jGRjEJ1PKDicFYq4ftFrnZ_I-XGTuYm30BQrort-WxUcGR19mG0A405aoglHTSw,yItd29LVymghUOri3rHpOqcTePSg2Km-5NPNaB2i5SX1_zzCz8ZPoINs4oW4Gck7khYuJ_HcrpKlfQ,dsdL2km67E1UANCqzCAC2rdQaP4DvN68DRP2_SLH1kB4rVo7ANGKEGjxky3sQEq2qql08NFxhmF0XA,Yz345GPCxjIBoHxTmmq7_cgtBcJ4IoNQYvc-Y-y2gWyo2TCtsHwm-WHlvYQMIehgqPKEwA1QHrOMZA,dDz-4kHxkZlOau4W9gwIn2uBm2OhjYbbYpukxhKZ9ickGVJck6wXWOI4rDTDEgR73b6w3P9lgCIULw,KSlxlWWsG8NMKhtgTNrKe5WEyzRJAaMImn9_sEIIbKP7_sA5lEHm2OBJ6G-SbV47-kcOLODKndQ2NQ
EUW1_7334617739,CLASSIC,32m 59s,False,Darius,3,9,7,u1rypwswhOHbo9WQwPgCg6J7Cb1d-WnhmgqfSbZLBlFeBlBkBzLiWWDbjGh7r1ReEU64NOciXnUkZw,q3-FYTHWlHh-L67T7PtdfeiruZuwtIH3tHdNNB6RwfXiBbMtsctDIT3p8rHrlCxtGGJbqOiX0I7hNw,oUJ6jYuSEFZQTGUtFGv_cRVRdYVVyDUTPC2mzyv7Jemq2pE-wQjZuMOp3YY9uvjiIofPrY4C2eFtPA,hRb3hfa9uIMnKlyVgvboZiQpO8oBLFakvImAnbcQD-9i1_L6Y_r1f5m4iBSE4x4u1C_0xkQDJl0-qQ,tCjfBhOELSMoCM7i4jayGR3SDZrfAP4SGHlFRXSHy1QZM9poePM2l-NByL-SdbizPD4Tjp2za4G89g,mDGicWPKxts1dNDcDTLpIEVl8oC1j4xdBBFb2GQUAZzNs0KzdTRCGLZiyyAf-s-AJ9pdUibGkYn8RQ,883Qc6v75qOYObeEEM8We8g1-YP3jUwVgjZpUdZMMsuEWfKO48NHjUT2Cc1DnmPNdw5DhH-Ty1OUgg,lXNt5lVm3sDrtieb79AXKMoFFowjONmOtrL9sCW8PgBu1pNHsqLP6NYW-rE0lkR8IZYIt_kdW77Rvg,ZdpuT9an_z5k_JD6iw2N8wGc57cz2NSeeJjFGg9QNIfiST48DDh15GrmBm96duio3ulMYyOgTPmHvA,gAf7R6kzOfCn4NLpOZwy5TE4YGoqjQgndB1DRWZwLYxoSw7YuaPFZyE_MhKUiVnjcsW5gF4pYu9b8g
EUW1_7334567966,CLASSIC,30m 23s,False,Darius,3,3,6,mDGicWPKxts1dNDcDTLpIEVl8oC1j4xdBBFb2GQUAZzNs0KzdTRCGLZiyyAf-s-AJ9pdUibGkYn8RQ,883Qc6v75qOYObeEEM8We8g1-YP3jUwVgjZpUdZMMsuEWfKO48NHjUT2Cc1DnmPNdw5DhH-Ty1OUgg,sw5BzbS0SgOnBLDWDqlpD7RiLGOfKrAzA4cGcQNuK1-ut9cK9IwZ2xH-MEhaPmZmZp9dvDvUteYHdA,_2tBtglLpLlYnZUpEzIv_bq4HnI74v_3AY_ZUw_zRuZkqD2g7ubZMw5EMVVHH5ja4f2SesiEdERAYA,oXfDY_Ce_Q7X2QiOHJEPQvNR_zsJuU-62Kcg7zsekntO8z0HgClbrHvFevxztyw8NOoomBfpRAEdQw,92kDZJ3HchKxc9Q9yJVEugXuLvZ-o_0pOWciQB1U0Ekl2xl9p89099EFMKseajNvZyKW6eFATysKBg,sHzPFtS33wj6lxEZ1CIuPHRYHGWBLxj-VTrOw9wV5fTTNvxFqzJ6vBJtfvGi4dNv6st3-si47sfofQ,OGQXLUTal3_IQ6E9dWvZWjf_VwLH7WrAv3i8kyr6rWzC1H6CPRCFWjaEfmz5s64QEc2TgKqM8lsJmA,pxRttutG-Q4shqK5G9dyoehzY0tDr4j2KdGtWhJs6a5yIbCKkeDkBWofVMja1jvtYXiv3PoaYGzHkA,L9YgBX0bfd5b-BzqzFE9Gj7hv3oy50iEXzitdTKtJDuiZxusi8M0fgP0wNHm9SXWOhOWzXOUzTlppw
EUW1_7334477260,CLASSIC,32m 14s,False,Darius,6,6,5,mDGicWPKxts1dNDcDTLpIEVl8oC1j4xdBBFb2GQUAZzNs0KzdTRCGLZiyyAf-s-AJ9pdUibGkYn8RQ,zWATj_TtHntviAfMNC5V8mXwdUslpNxAJx4BFMiVz54xNvqnHuC5-fRUGUR_jRZmV0rwEqJTJ777Ug,Qahhuu6hVUyJHNc9U_lh2ZNJT8cwx5_PTYTTEN2wNlTkzdXUnunD84iD9c3zCgoCuAShHtUU-wMzZQ,9hSupqJxGiJGGhB1z-xVHEBmwSBSuttWkDDyP7GbRjIDZU6dyDQFvNogM06tzjMcquxCnX3fDWVqfA,D8G6jmAcPrrfUKOr-VttvBiCGdmlawcq7Kt3edGbuhTVppLs19VuYnrs3AxKPeJtwfSs-0jt5POEDg,86slNlwiHNUBGuqhZMhx5YAX_yc7D5A0uvgIV9dLu8xHjdVUS2l3Aer7WKmqcMxb12Snm7dICSUb5A,vq_Xm-KeB_XbQjPm3A-B_0gCZuJMAP0zH3lReAHpHKFAd4KCBfJQlrV8UKhS9u2duPkI7XxORXFzqQ,CFiwxaiTJgUdihZYE88Yqr1pQB9CdR4bybYdK2TlUQQfmlbmMvQanFETHpyP16ImKdpK-8WAMVWP5g,4Z2EYFz5WwvS2cj2KQVTWKMBXZ6_u06cFMpMvTdui1hsjEU4NRHMyVJlonvnTP38XcDPQruiP4w_eQ,S5H3saBuIM6iA3QJoFyde7CA6v2A9mOKl1R6dSXWya0XXVXdDPd77Ze8Za26ZeG8Xb3BP3vCU3TR8A
EUW1_7333941506,CLASSIC,28m 33s,True,Darius,5,7,3,mDGicWPKxts1dNDcDTLpIEVl8oC1j4xdBBFb2GQUAZzNs0KzdTRCGLZiyyAf-s-AJ9pdUibGkYn8RQ,883Qc6v75qOYObeEEM8We8g1-YP3jUwVgjZpUdZMMsuEWfKO48NHjUT2Cc1DnmPNdw5DhH-Ty1OUgg,GbzxRE53-2nmeK915gBdp5Go4P5aXUw3sNLzs0ebnWLzZqU0cfiqZComkD8dPKnzigh-Lk8QqpCnzg,mt827MB9CuVUdU7hcjJomCneQi8eMdyXqcUzY4KpGQvgb8feKnrBsGWOpgfq6wucJFrbqPwEOh_XWA,eZ8yHUv3xyf_hKMFNoOc-99EUODgNnWS3uUq6wCdxAFDZULSsmX1A1fzPp_oEbBB0F-LFBt7TmQKsQ,umISdArYIBZiqEKrApDFbHA8RIXpF7TXRbpNdsSqbRt5YSfmlT5ccXyr9fY5i9CHqW-sql3_HDC_Rg,vmDAVIm7fq3oJ4jaQnJfRaQC4jyCGcQwr3dMHPfT2Y7mNooeC8x4ZiFeXPc23EE56t8cWZNXy6EdhQ,lyaB195k3_kvPjUUWQORcGRpWn9lDtzkB5MXfEzm79EIYuBeX1sdkjd4dLt-9nYEhDi5oNUCl7Xx_A,1spdcj1T5h36bOz3l-6jJenYdrwUOcIV4-7O7wM7DePwpY22RPMqxOddWmEzdFPiSSb2jNof3sXFZw,K1S_-u1mPR-dcPSphrlCcrC1iFTwoT5fc47Dm3UqqKFh0RZhQ_r07OpnUeg_xfiX4lVQUwXHRBfRxw
EUW1_7333888738,CLASSIC,43m 26s,True,Mordekaiser,4,10,12,LlkJOdgeLwJr_1TOt7NS9afLXdLylIDPNXETef1MzczhCjSIQsxelQ_0pklCUuN_JGOua60JH_FPSQ,t4kblEkG45yGO5NQ_TBnJb93zEb_fKUiVliY5ttK3nr4ZPrTmEcZlbPjLYKH-CS3FGkvhBxCfobwmw,L2YupF5F96XjLtA1xofB2gvUtBqixEsRqh1vNec1UksR2nHE8rc-3MuXBLMZ8bsoyhs9SFEWHyOTTg,-AWd8sp6YdeyvITuqz51LGEUUVVaVGGJtewDF7RT30tykbMc9mATy1u-oEJ2w5YZitLLfsUpyqWzZQ,j5bu0hIVvIhsJxPoX-h0xNwoU6m3BACCSkmAtRVqjQCrMWvSUKh5p3_MD5s49qxwt31KelXU9psvUQ,mDGicWPKxts1dNDcDTLpIEVl8oC1j4xdBBFb2GQUAZzNs0KzdTRCGLZiyyAf-s-AJ9pdUibGkYn8RQ,883Qc6v75qOYObeEEM8We8g1-YP3jUwVgjZpUdZMMsuEWfKO48NHjUT2Cc1DnmPNdw5DhH-Ty1OUgg,yOnwf9eRlQJSbLRmfmuUOhF3BBS_gxSyRYcsVRAVSFihOVEJ2SvnNnUT-O9p9GMXnfxin2GIRy-Iwg,YuFRDeiTT4657FmUEY8pyBodzAJdbVufNO7XRtqfaeYvNtaiHCvxGg9L81wNfb7WAqo_shwwfP1nQQ,B5kNPB0RDcvoHMgs0YZFLOFtycLbQFIzhwsUTshqu_xGi7Uf9BcC_M0AnGL4l0aNttMZsCgAZ2MKRw
EUW1_7333848959,CLASSIC,25m 58s,False,Mordekaiser,1,4,7,T0F2nbZF3nfXGHLute_qQ6zCwb9-fm3tNve-kqQI6bA2qpHP-s-fzSmVIQfzVxeQ6LLKF7NhQQgfdw,3CdJAQ-AOGimUznukx3U1eThsmEUeOM22eadc5HPbssmv0CFWqP_N2cBumIxPBmOy8AmGGJwu0ez3Q,yhArmCgmJyYzFtUkpbvbnhLjl9DVOtGYNtf-mqiE7j_3cVR9cVdOZU53OL7Ta-WogTMe_g3o3h5OjA,CvlGZOH7ElcxphFSArd02LDYJIdttt4ITyyu-6sR3crf0BJ_ATPD1OOgl0bZJRpgTTtBLh3MITVjfA,g6E22yXWRyP0rsrJoIlyNpua84QXl8SsdJlRdpcDpAh1jnmkFGi0cv8JKIEqCjtb24L50PkaQ-7JGw,mDGicWPKxts1dNDcDTLpIEVl8oC1j4xdBBFb2GQUAZzNs0KzdTRCGLZiyyAf-s-AJ9pdUibGkYn8RQ,yBlovZbkR7v1lZ5AhzkiO30dZxZPuMrFPwQHJgFfjBBzh_3NH7Gm0UuorzjagFDbSwJQ7cyA2en2wg,883Qc6v75qOYObeEEM8We8g1-YP3jUwVgjZpUdZMMsuEWfKO48NHjUT2Cc1DnmPNdw5DhH-Ty1OUgg,ZfbtDudOZPPtJiqRH6wN_eOrueKvX258gNLN0vtpWd4px6Nz-WjcptXPjN9th_CVplHcEmG5JFOgfg,hb_rYsDI76F4OWnvTooZ0Lqb2V24PlEW8TVtaW53t8kjZKQeCSSfBKe7zFxYYH8Q6PikIbjejrJYbg
EUW1_7333791538,CLASSIC,38m 24s,False,Mordekaiser,5,8,10,mDGicWPKxts1dNDcDTLpIEVl8oC1j4xdBBFb2GQUAZzNs0KzdTRCGLZiyyAf-s-AJ9pdUibGkYn8RQ,883Qc6v75qOYObeEEM8We8g1-YP3jUwVgjZpUdZMMsuEWfKO48NHjUT2Cc1DnmPNdw5DhH-Ty1OUgg,5oZ07wpmRSqSZfnEfGsU3ukZvlGSPHc2l-5tF4Ozeho9D4GouMsAXMCXuFLR9CqLdpOr6QoA6-YgEQ,Y_2r9Zg6BOfgihgS2xyr7NWKpnx7mrd23myMx2sFoMCPxwunGisPtabjv4SLqx2VoiM6YmWq7EYBNQ,nL1G2zhr3a-zWf_YVKPCndOQeqPPTfqbnvb5nWuveg6NF45nJTNQ4a8ASHVNI3dCjtfmvc4kVHP7fA,ozem-v-L4bIc7sa7WJ_KpBL59uKvDylNTtG9N38cO0v6ycgcvmYi5M1SVkXDwctksbCCgme0TAFN8A,AisZeEVcE5xgremcxB7pFPSt2J_EYJi0_RLbfk4DQ2DJZVBSkGYXA3X8DPUTUrfOjWHkYjJlO0Gt0g,LCXULqbxickJzm69xe6dJNhpa2_ewvfIIjPSrW4plEuO-ySKEikHS6NGH7OPWtq-h3VtyqoMAJtLqw,v2yBqS0a_HIgH14QPouiu0k2H3AsnsgUk57R-KPL1d8UrrghMORlqfzLCYCI4c99SPnx0FiYevaHSw,413kObkVZ4PvBUb5ZH-UKujjwHKjVkpGmNIiRUNI3YK9hZX8DB7xpLyyNVcq_NlLEjJ5wQmN9sabmQ
EUW1_7333739891,CLASSIC,30m 24s,False,Darius,5,6,8,ami4uuMmuQQxQ7hBLIsfB5rZ-vh8adCrPVtSOd0w6aD3P1rBmnMFfS8ySWJXPjZKtoqu1Z_z3NJgxw,AisZeEVcE5xgremcxB7pFPSt2J_EYJi0_RLbfk4DQ2DJZVBSkGYXA3X8DPUTUrfOjWHkYjJlO0Gt0g,48eHLESXBJHErS_DXUdyWEpmFZUataWkvrW_K2Khi4Qpyxs2yxXGw2gJHn66wjljw2_JAu4_oIEF9A,v2yBqS0a_HIgH14QPouiu0k2H3AsnsgUk57R-KPL1d8UrrghMORlqfzLCYCI4c99SPnx0FiYevaHSw,413kObkVZ4PvBUb5ZH-UKujjwHKjVkpGmNIiRUNI3YK9hZX8DB7xpLyyNVcq_NlLEjJ5wQmN9sabmQ,mDGicWPKxts1dNDcDTLpIEVl8oC1j4xdBBFb2GQUAZzNs0KzdTRCGLZiyyAf-s-AJ9pdUibGkYn8RQ,883Qc6v75qOYObeEEM8We8g1-YP3jUwVgjZpUdZMMsuEWfKO48NHjUT2Cc1DnmPNdw5DhH-Ty1OUgg,KKkTk4Aa1PLA0FMZBzaRy42dRCgyx5eFSMWKOM6P2pAiD35FXJmJAd98gAqDAquaFknQhfjOWPmtwA,Y_2r9Zg6BOfgihgS2xyr7NWKpnx7mrd23myMx2sFoMCPxwunGisPtabjv4SLqx2VoiM6YmWq7EYBNQ,yp7Es5Yxx4s_qQeosjPG2solXGc82PN-hBx4IHM1AVxcvjlGRnU4q2u9NkcS2bHjCiyXFgbS4uGqpA
EUW1_7333706420,CLASSIC,1m 49s,True,Darius,0,2,0,N0SjoJI_fCW78pjRLT_tJVonxe3ml_TNVPvE_TzVy6F7eHGDFCTfi5Kd9wkU2IyWs1fpgou5Koi7_g,2Cf9NpPSuba3oy6SHOojJltd6PB7_dvUkflXvHDk-2D5CiQn1MSV_ZZdBWMrmwXGY9EviVm0Om7dXA,o9oLqTnw5Vt_pCdlK-04KgHKmu-06PlciSmqCUxA9p-LRQMhTPI9gH-Onu01m18lEe75JPm9PFB4Aw,6IuuZXJV8rfhf0TbGbHgp6kaz6-TuseTrlrSlb9l7zGgwqM-0EUwZM3H7LGO87z47fY3F-BujGKqNQ,gXKTURQlMi0fr_yNVm8wE-YUvwDsuo6TfLOm7bGS_jNozAlE9geufLLYsCj3za2d1m2sCUZ-Qgi4hw,mDGicWPKxts1dNDcDTLpIEVl8oC1j4xdBBFb2GQUAZzNs0KzdTRCGLZiyyAf-s-AJ9pdUibGkYn8RQ,Y5rQawuS8V5L3ZUIFRvge8V3xjDu5JCYd4cA45hdsYV2MqEJyPLhbo-OqmtRDfXQoYDefD9vnkbYmQ,n1Re3tLP_owLYEOMHKydO3HjPNIdn9Ss8jTGdashqCEi9OdOacatuRxN-qwsZAc1pKSodinhzNbG5w,XoavFwVEiLhB3QTIg_1PxmAPWmHN3e945J08T1LGk92f8lCn-KyNYYkZh1ze-pKOCmhXGKOWQMNhow,xN_wm7V7vOp_86_IFb60CwdAJ7xf6YebQGHjFQZjcHGclyQZTHC8T2gdjfTyErJcWBWlkW7noPH7FA
EUW1_7333552003,CLASSIC,38m 46s,True,Darius,2,14,9,mDGicWPKxts1dNDcDTLpIEVl8oC1j4xdBBFb2GQUAZzNs0KzdTRCGLZiyyAf-s-AJ9pdUibGkYn8RQ,883Qc6v75qOYObeEEM8We8g1-YP3jUwVgjZpUdZMMsuEWfKO48NHjUT2Cc1DnmPNdw5DhH-Ty1OUgg,mY0Uko-7CZtaMxvRO2nTjfnccxFBgnrMk6txQkP7XQC4YqLyN2HB7FRPG_NTRwbN-mwVv84324KV3w,uVX4hpS3uXlhOT5UG1uxIuBHl0Dk9Pvt4UX-gfdannrma6XB-T_EsXWyTUvW8Zwyew0vqXm01_01Yw,AM6Xg8QpYDwPeweUF8_craQ4E9QhZvj44KvHKHYIRWJdJrYGvbtFuqINrs2byT2d0MD5Zc5wu5VpoA,wWj6TdfHFv-djECgYfPLYB-VHkeGn5O6uU15FKe4_n4HKNou2rM57_FBeQ17AdvCz2gUeQGx9xmsig,ty-ft6a8WhuJzci7xHG_TYe7B_Sx9qF9sIcrRuRxfsbqxKXwF7JPwQTU6fMgeBOGmT3ED-vvOY1yfQ,4pVgZ9bt27wWzTeJS59QsR493LKmbzjvYQTJgXjy-FXUysiT6d4IMdfWjMpZZrDWYDTbBBdt6jm5yw,u_V6tnRKyLelz3pHPQ7KLrrpE48YaaM4muosVK1x8wKEUsm7YmycCvVrjYQFL1SHgCTYdrJak8h7GQ,4LtKbuCxwezRzmmnZ4vCJJxDbzNu15Sk9mdSyl1wprvCjZdSLfmSKthS_rgzUJ_UsIh5NIOZpVA3Ow
EUW1_7333512688,CLASSIC,31m 10s,True,Mordekaiser,6,11,3,DCSou5Rq2kk5L4_9DaxeZM-TQxe66odhdgpTV2KXOMnAbVIcxGvlmgrpumTYtX2Cu6BKfbvS1ynrhg,RFdDVpR7EgPrIDPqBwLJpnoMzr-1p-FOHIWT8c4gEQuOLGexBQTAXv8fvd0lotJ4lc-V4Cvbg6gCGw,UKUgIrpcqxKbbWMqyJSPk19unu9pjdNAigb1jTFnU0hzPvDtjOPYNi0H_MAPOuiIUuDKeG0PlmDWtw,oKmeOhQ7F83c46YtqdoseigxBl9F4m1nObIY5o95ltSkdriy5uI7fmjyforBEmDxzSVTYzqV_TUxsA,uEHkX2on80pDaYXwOKr9Zde8lSgaq4e19MYeHOHLyFTgSmPc8FLtPVv-CciGwxsUpQ-KicA5MdpGVA,mDGicWPKxts1dNDcDTLpIEVl8oC1j4xdBBFb2GQUAZzNs0KzdTRCGLZiyyAf-s-AJ9pdUibGkYn8RQ,gRkoitXXsFsPreKJZ7CmSort92bzEpz6ALGqwNsAiPqea-GHHFH4FyF9IhdQrIc9t0J4zZWrWh9AvQ,_PFP9DGA-M5qE6CzLZ3FWHBIOyilsQQzDWgw1Bdz0Y2h_T15Zy5Xk023cf0gLopwb2BpDY_4uOh3yA,cHqKtIVeIH_WJi9yAq9buUxwT1vS4CUFc2tGVpKyICXuJB11cdj6KP9mjF7lJbhla1x63exRu0dQQQ,eKC8mI11173kQGJVbsF0bt6fkD8zViO2w_wq-sy5LzFQT4a5Tpj3l1a3OZD7LJKYPpJE0IyfOGTlug
EUW1_7333010173,CLASSIC,32m 39s,True,Darius,5,9,10,mDGicWPKxts1dNDcDTLpIEVl8oC1j4xdBBFb2GQUAZzNs0KzdTRCGLZiyyAf-s-AJ9pdUibGkYn8RQ,sQ-5j8GKT4fMGt7w9yGd7kHzL0ZMjH6VTE3O1ei_2gimDzyYWHJ8hSvjG45e0g_0s4Wm1feV8o68qw,3i5XECGdzZrvSm1LekxQBj4KCqd5d4DKbZAsNeksFP53Ou1AFKUbfJb3w3zDpTYulCLuQdumwlyoHQ,wIC1ICUju67t-pJY53fpC949o6soYArXM-CmMJvdk3w7b0pJ0Sy4OH8k3WNLYDEK1FuH71XdpjLkSQ,LZx4VL5BkTLH2doyErPGDar01swe9-O02F_7IxICH2IjYQ4WJzvyfYC0Q8uvfA1gPy5KtrFOyjvW3A,ye2-Oj0KA5SuyonnBu81lQAuVZ1N5M9SEoAXylNCFgKVd60JH60d1I3_MKXkOmVGaDaM2Podo4KpEw,_yIFWKtiNyphV62IIlGavdSj-DFOMe6_vrRW2EJxYnQyrasAmIv4oLhzgGgj1vLIvOd60UXbCUoYDw,11Aj8QekMpabp7hO5yM1DM2a0tpVUxwr3fh7Wta3rwqT5ky2z6Y-lRNtMQhySm6NuXoNp5ccS1Epjg,uBaO2B0o7weGCDxqaEXclFt62yc5hqTCqo9SYg6pF9vitwnE58hXg5NSZXhaaF5JFN5K1_B9DOseqg,KRiQL6busIAN3lNWfqZFFjQcIK5jBsDZKvvs4RKuHzqNLhXM8vC0M6mYLtRsk60tXboa9BfXJm_HXQ
EUW1_7332988667,CLASSIC,32m 3s,False,Darius,7,1,8,mDGicWPKxts1dNDcDTLpIEVl8oC1j4xdBBFb2GQUAZzNs0KzdTRCGLZiyyAf-s-AJ9pdUibGkYn8RQ,i2RrntgS86G0OZKCFsN6TcaVNyn6vAFp-Mtti--RDfVISdms2gQs8oXK0yGVRU1UiVxvBXctwCi2Bw,Xeip9qk6tJeXMwW5NVgtT4bDXH8QkeuDP_oUeoeU6WwGToDoZHeWIFNhSMWVUw7WjlQe1aaQBxvOoA,e57ZRJiINqW4Cu2rzX29nv-vHZ8jb3krTKFffmA858uMTJs9H-MSkfpc9dqnOE0kW3oED0Mqqjm8zA,_Pm5njwxZVwuYY4MUlEuWJIUdqcVs5mOFs4VjPxM9hBKI3OBAdj5utCsAuPhT2LPgH7CvKCM4nPj0A,DxfIjXjHBueWr04A6o-7QkXSm8b3uKkZqZ7gHcXm5Nc0x-PPd0iyqCyMDy-sefaiPvh35_CpfbaVxw,1yTCdGB0ducJq-kCtdyplTfG3e4gwKRC0jV61lnV22aTQGTXvQLmVyDy2dujRrViiVHQV-RCvRVrMg,3__2-3N-ef9Ybk9WV3gxBG8_AfDXPC3qAeohk5RuPSySlcuS6u15LR_kaFvyOYL1miZLjN3yNnMfVg,G4j80LXlU3wVp9OBxmPo4t3LCw4eIqbYHu9l9idVnkWd2N6qEdMgBrORIyH0UgHrFxDmvZ6HbL1C0Q,uDpZ7wrjwJCHfYzKfZ0Dh56eDo0sWlfKwkEnpAwMT0qmhD1GhJHbivXIALNhR_KXy3FOSXmAls_BhA
EUW1_7332965832,CLASSIC,18m 51s,False,Darius,1,0,4,S3TZWETkumkMe8WroZmPOWz9JPNR4MqRXCWZvs90tFimEybWQpbianjMsvmVAly0eKwHHeb_gGKGRg,-X77q55rrlwiWCl7qRNtP2dlYcrMs498wOWQdSxYUYFW-q7bK6sYuE9ATRa0iNdNk5G2to3d0H0YWA,g3ZbbC7I2a1-XuBI1uh1r-v4hskdwFFE4_BjrtmR7G2Q_GgZojSGJRzHcR1JFIiaNvIjz00ysMNZIQ,hLCgXoN9fiKSpEP2a8Y1s0zsMi5AH_YmTtlByPHei64L7B8idHm5gRgqQ6qaVrH7eBNUUKcwI7dAiA,YF8i3OHaV2EpRgmn9vvtDhJKlZwpeHxYLqbr2aBSM_bdH4nTAWM7m4ybtv973Tdjr-HFW32UDYYRdg,mDGicWPKxts1dNDcDTLpIEVl8oC1j4xdBBFb2GQUAZzNs0KzdTRCGLZiyyAf-s-AJ9pdUibGkYn8RQ,z-kpPSmCH4kPKe9eg9KkgyxTxioM1blwHf8NcXWTNz8Vwc8c0vqXA-XSyP-2MsDsQmvfGKo7eR9aWQ,qn7g4ud8zdk_ezhd4xCNZQplHzCAIDLQzYQL4RTNYu-81IyU2fIwCcjcG1uGQua8X2Pr4jmVrvLFmw,HSd7pDfQ1F_RnfZ1NqTYngZQlbAZ5lKqFHCR-ofDuIEQ-4efH-yyIeuOyPzs_FU9zSi_GRkEE3DqCw,uDpZ7wrjwJCHfYzKfZ0Dh56eDo0sWlfKwkEnpAwMT0qmhD1GhJHbivXIALNhR_KXy3FOSXmAls_BhA
EUW1_7320224186,CLASSIC,28m 18s,True,Mordekaiser,4,12,2,mDGicWPKxts1dNDcDTLpIEVl8oC1j4xdBBFb2GQUAZzNs0KzdTRCGLZiyyAf-s-AJ9pdUibGkYn8RQ,soGsggem23vWwe2zc75JLPvpe2eqWhC-0Ug5FcWuCpfmTB-xCiKPur4_LCtw1bkyMtDZ3QQCwGyTKQ,axH_0fSmv6NAp-YFYs4wxCnSjgRGWMJxzYSH_d41QxCKdR5Qd2Eex8R4FAPQrQ30zglFxNtJOeNYGw,ZLcZjfCtMm5XFfub3I3rJIJYv4QOnGt2YEt_r0E5g4EXXSxJ_kBXaBW8fS4hibZtGrdE5mI5mzz49g,BerNpQ9OQj9be81K8yPu6i8FMc6pUy79tyrCxXrRr0kEAjy8C5kCi8cH7XJY7QXDwMQiue36mskfaw,RtfT7S0Zoax44XzvwvDrLm_9iBHXVzuyVR0uLenfGGPv5j6654E7tsrMXTvuyO-VBwYpE4OCRWuURg,4thq6EMMSyTu9c-r3uApkPZhvvmVlk-9Uo0bGGcExGvUc1ul80IZfOwHdQqGN8q3kf5pDAOJggd9cg,FjnkKO3x_nYz-gVhW98H-NxG1voGN6mMNH5XcZiC5yiqARNow959pvTPPgHy3Us_IqIu4IPf52Z9Rw,G8w6L55pChSffTpTu1ZWo8LmatHyFv1A6MfdbzvAl34OTiuyYD4VzbprrshDUSefNmc1Heu-j9cw0g,XnALGZII6sb3XdCIxXyAtoRqVrl73fuMTDufq0UrqEK4yqFmVU5Arz-2QcI2pb24NlKXovisN8C_Gw
EUW1_7320182279,CLASSIC,21m 48s,False,Mordekaiser,0,5,5,lC9KmXo0subHFcIBIlHNgth8t2NcKNbsUwtE-UJh1fNsrISMFY6379hOkIOh7IjOTodFqmcMCh_Ctw,K2cqH5j1H5ZgbAh0uLV6x9yv01AKLzIKgDxWGAZniM7JGoT6gPx7PlwbkubtSucsvbfw_uikkcvw5Q,zG2EE_4Hb7ipFQVYDJwjrdG1mWw0pvANhl_goQLWU1LEu31pQbmSx-wn9KEY_Wm6p4iG32RYP71Evg,6Q7tiFvWgaQ4pJR9fXfJsJDn3WnEcw8ypF1LeIaN7AcrgXnvGIjjrcNRtl3HLcirsKpDElAZRzSelg,WFTzMy5TrBsf0KPVBm7DrVskZBhptJ51SiDvA4DF81xGaO4uu2qTtrlgomLmQeduT8uOqRsV7gmReA,mDGicWPKxts1dNDcDTLpIEVl8oC1j4xdBBFb2GQUAZzNs0KzdTRCGLZiyyAf-s-AJ9pdUibGkYn8RQ,soGsggem23vWwe2zc75JLPvpe2eqWhC-0Ug5FcWuCpfmTB-xCiKPur4_LCtw1bkyMtDZ3QQCwGyTKQ,fst0wa-mY2NazrDjaQhodOGXw2adCyqZZDxdVzFB4oxbNAiV2xtvrV42rHpdSyqf0sEKrGtPdJs_zg,ZLcZjfCtMm5XFfub3I3rJIJYv4QOnGt2YEt_r0E5g4EXXSxJ_kBXaBW8fS4hibZtGrdE5mI5mzz49g,BerNpQ9OQj9be81K8yPu6i8FMc6pUy79tyrCxXrRr0kEAjy8C5kCi8cH7XJY7QXDwMQiue36mskfaw
EUW1_7320066241,CLASSIC,30m 45s,True,Darius,4,15,3,cttLisxv_74CoDhwDns2ALaubYXfeWNDOuAO_9nw3b0i9lMUkw1KnRyT5o8CdmxAVkPSmMH74jcMQA,t2KFSKkfOfObiCRR9-s46SnXBmeGaG4XYPbjehLFqOYkthkw9Os4-FZniAuc2L2ewuXHkP4PDLNKkw,FKIN3YB-cv0ASKF7QvD8RnWLB386bDHIDU16uAihcjo_FuaSZd_ZukQpILTAUCuxHAlzyCQgWEiA-A,QDcMR0p4sPyQZOlieOcO8KfyZYUqaOrLIH3TiO_M8hRboZU2EzXTKxu4T2EQbl7Z5ZhE-JjIjWNPvg,Ju2vNntnHiygQ8l_vKNGLhRqtSbKYhheiVAmdkIBUdkTtpX-ax3kCicLZHBWk1IjOiQK1apcJEpg5Q,mDGicWPKxts1dNDcDTLpIEVl8oC1j4xdBBFb2GQUAZzNs0KzdTRCGLZiyyAf-s-AJ9pdUibGkYn8RQ,soGsggem23vWwe2zc75JLPvpe2eqWhC-0Ug5FcWuCpfmTB-xCiKPur4_LCtw1bkyMtDZ3QQCwGyTKQ,Nz2iwtpw24oM-tQTrbj_L3GUCZOU6z8t-cvlrqCwZnSkwAufteu5S3Vw5ilnT28KdwooKIZ4y4lGCQ,bwAHgDQs_39FQndXt8rPsnUbxZ1wIGlzYdRs84z4IZGjL-1MiEIe4A_EsohAhVWEpekWlVp8M4lHww,F_eHwekQsfvo3Oa7IFg0k72bNHkog8fFRoVRo7ucR6wF7Z7FBBZSUTZU3mJqApieyw40AMC2q8NgZQ
EUW1_7316972424,CLASSIC,39m 6s,True,Darius,3,7,6,mDGicWPKxts1dNDcDTLpIEVl8oC1j4xdBBFb2GQUAZzNs0KzdTRCGLZiyyAf-s-AJ9pdUibGkYn8RQ,CfB8CxkvJKyR9kjkyAeuW3L566wYG-czxHWDbY3v1IvVxNJ5wfsiQMbTbHRTX28_ZQ1fGOqzcy3yqQ,883Qc6v75qOYObeEEM8We8g1-YP3jUwVgjZpUdZMMsuEWfKO48NHjUT2Cc1DnmPNdw5DhH-Ty1OUgg,BHAS1H1Io8xvfmuqAKHVHIzNl63e-hW0bhfABCGBqPe_el9NAd_7QlADnl6ldoY2n0eiA54posM_Cw,zQbkB7AGbUOfJnwdGSWg8NcVBr0CcWkCqHI5ZmoCVGncW1OtUetE6lbfCtW47zhMyRJD5bSZw1M7lQ,sSupkPuYshzxsj4L1dsqfNJNuv8OXlt7JeCRfHp49NC_6y_E7DSE4pDWRKL78bT_wta5mkqn_zX7Yg,g4r_ZruYZWmwaIrlNfuNnUbkTEV_UhRhfdUkoDgW9_HF69KA894JPKQtLUbgq1negQKdxmuVSfrKbA,HdItf7IMyZlH7QpNp6vqXbF9tWvNVTtVFW0Kw-eonoiQN34ovRCHscEfidu0yI0s346oPrJ-4KOcEA,fRnLpOT6AD04zE4AEDq97yZAj4JGLg6XID8isnVQhRJ_XNQLaVasBB-S1o1t-WTBk3lIGaY8KQw-xQ,OivyN4XgMbAXl4zZHoqe0_NzLdyHMMs72OKW4pDvskYomQH2dFh7H1rrV2-NFlmaIiw5EKSdQH8jsA
EUW1_7316919946,CLASSIC,29m 8s,False,Darius,4,2,7,mDGicWPKxts1dNDcDTLpIEVl8oC1j4xdBBFb2GQUAZzNs0KzdTRCGLZiyyAf-s-AJ9pdUibGkYn8RQ,hxmcMQRxFHF7BrcqKdwGQvcXsMQ-gd_jFSVqcMqIIQcbRqZGABn43VzlvuLgoiVUQRJ95HJtbgWkxA,6aZ8go24Q6NFMfQTzzR44hw919qcx3yQrIUhnnFtssFUAPEPUMzdAyGpTMIDxfim0aQHgBsOoB-how,gl_oi0bgG1rtetG0eZfCovlUEjWyRYnLRb0t2jQCXh6p3XOkkuy2gaxAKXCcDr7caiS_Ex5zFXeuQg,y-FRBec6VHFYnqwRMlkNqPJt_q3TpIaOY4uU4le4wM9UVH_IT0EX7U6jFsEp2N8QHIvBY4JQecvtLQ,W0HzCMdDrb7pDFsLX3PzYLR31gSjw6HIRZLNmVjA5C75qXCNidSWspFIOo4tyKidyiPO8KW1lcl6Kg,ynl98Td0GGLcslZmfJzN-pN8Dm40s8N2MarvKEwu9GHD3NrXN_jynUddXvmi9ogIZLWHbVSa5K9fWg,kat6Jf7oZ471x5q4cBNiY-nb1jUP9s12mwn06kS69oGWOZCiOkfjgaVsPtCgWj9gUx0QuKyS87PScg,8OXiW3HerQPe5tkGFS0qAyArEQs0SZe7nmolPgW_MReGC7v-1xyy80xe4Vx76KVsgkiIswOojJGPOQ,SPpBsarMm1Twfwc_wIcjiJci_mcCXFm-s8W4yeZaSXPqrBrt_362LaNzzwuE2zvxyz0U12IY29gceQ
EUW1_7316873873,CLASSIC,22m 19s,False,Mordekaiser,0,1,3,mDGicWPKxts1dNDcDTLpIEVl8oC1j4xdBBFb2GQUAZzNs0KzdTRCGLZiyyAf-s-AJ9pdUibGkYn8RQ,OTk0al_L_xEt0i8OLJveMwODGR3-Ze5RHuMglFcqsTTDv1dOzmPSG0u8rqGulavVdVfeLjp_ywpfDg,lLiZtlX_ko-V39L7LYwI7BFZCm7xFfmDXxde4V2bNOBlY2oKZgfDn-yc1Y4LfdU3ZtbKsGf5Rqfk_Q,BzDHX4tA3XXAV8V3YPh3-2LDCC5-5KIgQqoEDY68trKsgQ0FtfBTXq3VJ2c6pxWVuI9yf93uQs3erQ,lDNDuEBpNK4vt1Efrtz81QnWdsWO-wcr4OcSQyG0s7D3ll4UOXc1xt315XuCpk12eMb6bxONhCW0Gg,BU4_DNXMP1JEdQcEyWMiRKC6IlHjYncUCnHufYgy0kXc5VfcuKS0hbr1Q4lr-onQvpIu-DGEdq4HUQ,SQx0FuPVnnfZnIH5yIamTuDo1uRczdoXtBWOe5hM0E3iCHedb83JXmb22s_AvFeo1H7Qq3yOMS-6og,EEV8Ah11tp5k-kmbz9DgC9DuADMmTewy_VJou-2LCH8OscDTA0HMmUNoW5SsCgJBHx_tZgr9CfZSMw,Y_hhaDoSjNwUCunJyc31-m3IZ1zR4K4qna3zND2-6as_0VS03NiQnjAyPKDmbaUigLvF0KMAi09yEQ,l6IQsm8GuSg1xFzgxOXf8XB9moDP8XNmqBHgIFMHiC499CxapjFGGuogb_PZ_U-ohhkEHJSFWEfekw
EUW1_7316710105,CLASSIC,27m 1s,False,Darius,4,1,4,PSRSvjDBz71RKD9JodKR3g9FPqNcmrdoTtEKWzrKq-5kzXSlvAtLRG-pxnSUJ__cupmeuUVh8r9pHA,Y6Tq_WV1qoSHou1bBvhUSlpQMlg6YXVm4cpto8lyudy1NwlZeDkdzcadNqgBgnLoj8EjFMfMGDh84A,KFyr01ANm7NjyEvtDg4YBSr7oejmI0R0_hXj68xQgMVJjUAMp95ZouDMo4XzSSrcR4wleQbU30-71g,0g4FpChJxxTs0GZGEBPiPaN74K9Rg40eGTcIM193rIUWvMzunUGyOInJxdQMYyb47rRzR6Ygxj7rmg,_4tVqJBkYfh5Qbo4Ex9vIbPmm7FbVWqeYuayqgAG_uZC8rUe1gLJsqvdugt237ncdc6OTqzrOx0Xow,mDGicWPKxts1dNDcDTLpIEVl8oC1j4xdBBFb2GQUAZzNs0KzdTRCGLZiyyAf-s-AJ9pdUibGkYn8RQ,hUPp3udHwB4-DimCO_AQU_5FOuxPNSiSC76LpjRQux2Dy1E2ZdUOUYs2ffac8zX6LbEOn3KE-LpwYg,G0r6WKyIdaeXdGb7PtFhJtWEhy1lQd_YOCV7Xa4i2rE1JhYGKbSFYzxCz0nw3TqvxFDngiJkMAZ7zw,Ma6RCgjA4JOftYvjKUtEDfEPugA-2BvZZ2zx8vAMfZDRoLZOL9s9tDqpUzx5Ltgg2RmrC1dqSPSLIg,hBekQXpI32-V6tZdo4iL8QFYo9ikLuVZa3L3aFTtpvsIT1_pnoCQtwwb_7Riz7GB862n1h0vNVbV9w
EUW1_7316520396,CLASSIC,15m 11s,False,Lux,1,2,5,q_cN9gdAMrYGkgWvaaeK1bjzSN7HXblN-rDUfaWYzxbqRHtveYiDtrRRo48iDDN8HEVICmIheLJBzA,l0boXSRP56TDja-KQxakfI6susMZkBF6VbB9FYbTByEa1nGv8K05VihfZ4TlK3F-4DM1P83wmdB8hQ,nyzcTY6hLX3qG2QnHMEnQRp3H2PJ0WSnrXfbi9BiQerkeJrZJ2j3eSjBotg3sEUXNPeuacdecT63yA,dtxrt-_-ubxiGp07uak93_KO6LMYXCSykc4gaSsIuJQla85vFWWc86ut77mtBao7ej6G3EZ7XiWPmw,mDGicWPKxts1dNDcDTLpIEVl8oC1j4xdBBFb2GQUAZzNs0KzdTRCGLZiyyAf-s-AJ9pdUibGkYn8RQ,pgvA7vEiEMzfi2uOJcdlMV5LAHDrfH9tdClCRxptpH1w7rjd_3zfqDuDmMU-VKHQTBp2UfNsTMtX9w,KUQVecsTtxNw3OqNYariVeiKYhlcc0jiUYy6Yk5ci0LSLDvV5zmGlNyR25pHdqxkMmr2gi0m7I-ORA,OVYuwyCfUd2RGN9ZNkr7imrCuEFhPGFb5Zvznatt2jgMDxYURs6E-abj-Hxb2VeZaa5RRm6IJvaZvw,7zytZlQQJC_FzMbMZbiqd53Z1d-QFzZMcwzgTGZYHWAktxAdyy07KGLfe47LyO-6PCWlmU7xq65gLw,ZoVMDNZL3-tlK_TdSw9mW4hTvXZB3IQCLHJ73vztSuAuKBD7beKNI2rcOD8E1W4HZFxTbsgv4dFm_A
EUW1_7316412974,CLASSIC,28m 8s,False,Mordekaiser,1,7,7,YvKJJla9KfDAUD0aUI1Ze5NMjPaRu1CdgUJFXezr8TRe-H2UCw6VgLuma0OMX4Dndq4_SqbmTf8XbA,BkwE1eoiLixqarCTdKChPA0_oTf8GgPM8el0TnWlsuMcVrsizU4tZF4tZ_lnzeoKdQdWpyz_R_r6GA,hu9Q2w1z8euXCqb-lUH9LjksVQd9P5c7MZtzvhwQ6kCiZCNPF0BDwIi9BIMzjx7HRu-kPyS0odhW2g,_s104ZyN4OPaHon_Pq0woMUWK3EJyzT22c9pNhCitOnRvxB8k4ZGYlcYwb2WM1x1Oh6F5On3c11ryA,y9Vd4qteKtRgrSdVZmZvIldLVGKHYwRf439O3x4O4yLZGqpKcbFcgKMkLPrCBmyZKdAN4i1bFes_jw,mDGicWPKxts1dNDcDTLpIEVl8oC1j4xdBBFb2GQUAZzNs0KzdTRCGLZiyyAf-s-AJ9pdUibGkYn8RQ,Mh1FQUEhtgekorhhGr1e6mExXOU9zkwZNN5UYwGiL6TcheT6twMl9vdS9yBS820SQo4AxtXSiAIdqg,dYrC4kSCwLrPZgAuEFmrSHPRSSTIRI44u21wQsxRbqKIefLdnQx94qDAxpOJvUeMHKhiYSSVKhHhRQ,p-Xp4j6mCYF3YKy1hE8BWCVZL2weoE7NS1M073Xm53m7S1Ky8ZiyjhIrDc5oPw_rg0mD0pIbmSImwA,iOELxKkGQe33CCNRDiCXcDBDvmhEKdMVy8U2erYdIuzvTRuvUBmtEnqW8QW0_ji39BRTGc3PB4KFvg
EUW1_7315727139,CLASSIC,46m 55s,False,Darius,9,14,11,mDGicWPKxts1dNDcDTLpIEVl8oC1j4xdBBFb2GQUAZzNs0KzdTRCGLZiyyAf-s-AJ9pdUibGkYn8RQ,FOQIo4I2EWskfXhmTMWFhFP_tAkfKJd7F6OnKiUn4Sp7s_3qexTswzzLnL34zquAc-iYArXi06h6rA,883Qc6v75qOYObeEEM8We8g1-YP3jUwVgjZpUdZMMsuEWfKO48NHjUT2Cc1DnmPNdw5DhH-Ty1OUgg,I4_spR2KXZft4jSOZnGJtEDmXcr2xyioBYBRymK8-HDVsUEVSwLXlI0ERm2GN56-bZ1Dkf-4tIVNLA,nwOurYEnFNDr593K8X5CNCL5BfA8mxdcPHqL_XO8LKQGxmUx5umkzxPrsfcF7WBgFugp-wt1GEMhpQ,Bg_Hq88qbHX1tbiqvJckAMcC74mM_vLrlL5B0sXHlNTmG5kXh056uvx1b0QlwtwV0aPQyo8rr9VDfg,leZwGfAMNPad-Ig8xHPSwLg4G_fSlnfUj5ao2zNjF-b3iPzpLcsMVzp4nCcgVH0E7V_i9a9Ag2D4FA,GxbWHJk0BQ3pR_94EOrWBrpXh_Yr3jW7Bi5Fg87GR8F5tV8fST2uN8WrwvEIUmbDgK036BuXZ3f3Fw,fAefNEr0XH0uBLGCVXaXoO7rUx8ge5TwsAE58CHgkgWYWsZvvcN0lCCzG4umsSMtwAWLTGoHAesuUg,pEEEEmupnDw_66IurByIHf-g0J4La3YSIuokssrT9C2qrfCrYWsZbGMnKPKBmSdZiqrDETM5IvV34g
EUW1_7315687697,CLASSIC,25m 15s,False,Darius,3,3,6,83aSGVfsE8ZxT3mtzVDqZ8s7DOD4LmUxH0PWhZWTx83rhaJMNRu-z3mOPR0q7ip9AyWugq-D9ByL6A,W10Mk2Walnsl4JXydPncjbeYJKqREarHZcbOsCPuL4RL4UbUDlOrZBl5E8ihVHUO6bEtdrKbve_LAQ,n3UUbyddxjmysO1JKqLyJwfgol6fIXk8BQpWmBJr96ljBhWPj4m6XwNsuHun6jkSBM2xcQd4MUyPeA,cSR4lzl59GO-oROwak1EcRQ2hn9wD-JheleczgNSxB4UxBpNdevQ1eioDqV7K7UFWlk8rS3LseXp_Q,Nop40qXMZOc_rJCvKUZYhUtLA1humErD3h5EH5JaQf7q9MxkcQOuOnKidwYplycmyUQ9smX5sd8BYg,mDGicWPKxts1dNDcDTLpIEVl8oC1j4xdBBFb2GQUAZzNs0KzdTRCGLZiyyAf-s-AJ9pdUibGkYn8RQ,d4gKa561O-TVQPlDTRXvlIz5OM2OTGF8bBLX_BcVg2SfDYNZv06nvttfvE95CUUdB-6ldZNbgpBmmQ,883Qc6v75qOYObeEEM8We8g1-YP3jUwVgjZpUdZMMsuEWfKO48NHjUT2Cc1DnmPNdw5DhH-Ty1OUgg,PYqtzDdMdonBYux5yjZtsapNDroZ66d5VF0VAh7m-XqtFynTncveM0pmvPEzgUw8SJYXKsWYf4dY2Q,Lomr_XhqupF4ZlqTJk2fNa4AfEbSZ6NuXP4WRS7p5p705_qZzej0aykqTdnWzME-PYta8hRkOC73SQ
EUW1_7314752607,CLASSIC,29m 33s,False,Darius,1,9,3,mDGicWPKxts1dNDcDTLpIEVl8oC1j4xdBBFb2GQUAZzNs0KzdTRCGLZiyyAf-s-AJ9pdUibGkYn8RQ,rJUD2e0p5xH7RhqqoQaASUdsQKRQHC4Lw7MwaVvXE3R5xGElhxOjE8SE60q3_XowEiqCZXZ1bRn5lA,883Qc6v75qOYObeEEM8We8g1-YP3jUwVgjZpUdZMMsuEWfKO48NHjUT2Cc1DnmPNdw5DhH-Ty1OUgg,0Jw0YaaFxfnxtHY8A7QbMo-NNPM1OJHmYLviU960xcLrFfWmVGZoOhA_-NA1nqvuGLB9v9TfqfCN0w,3gIBflXoKCfJ7Bov44JoBV_5XR4jRBYrsLg73yOKBDjA1Lz47kr4eGRT6uYeXQguu5Z9ojDFYHOpCA,60t3wzfVgkC2oQivMcQNCJJiH3r1We3-tTlrOloVIG0vedmTim0NFxMlTS3Bln-awdlTfNjb5QO5GQ,uoyCUbrKbTQYaZmMs4G1S_VrxGdjeiUeflS_Q3JEcK4wYLsi37de5_G-brLJTXoSTT84kK-zDk04sg,sf4pUFTp0dbt1n4-fDGJdsYIICNXSjXnrmG4cx0hwMukkOQMAfSDjTsGV2lmaWhFAKGJVrvCB1CtbQ,POCcou86Qef5UTo6TPYYQFI-LZDW00Dq_dNpOdSUdeITfyZcUQkmll4-2Hlb4sRbiuCcB4aqnp1MhA,ALrO3IAAWTBkCBHnbgG7pBXBBgLLfgLvRtHnlREs1_AJ4n3LdBc7-0xWJ8F5-5d0l4RaPGFpI72cCQ
EUW1_7314679249,CLASSIC,37m 38s,True,Darius,2,6,4,mDGicWPKxts1dNDcDTLpIEVl8oC1j4xdBBFb2GQUAZzNs0KzdTRCGLZiyyAf-s-AJ9pdUibGkYn8RQ,23RI8936CIWUVcFM7iflGGYR8GitcWNZYJolSCV53n6XykwQ2PytMlcDl9k2lXfjaPc5lhDfdUHA0g,883Qc6v75qOYObeEEM8We8g1-YP3jUwVgjZpUdZMMsuEWfKO48NHjUT2Cc1DnmPNdw5DhH-Ty1OUgg,oyxxCQ921QzxdpyPiqcLnh1ukNIJ4Q9bQFinyaZWCN5enPPQOo78MENEzxik3mGBigiY4YVJarmEDg,x660Qz0ei7o6WYnm3vfnFTCCH0E0W-3yhbqHICXXIbryewO63RLBmcekhmsXtaubZpwGLe7MZKL4CQ,hBxLk-EX-43Uy8LNZ9JxnXZaEKgVElE3B_cj43vK3jeYpq4jefbxNn_vA1iHGYUABy6sZbaZmNHSJg,NLdEaJ0Jjkv5DFiAGf_ZcbxOBylcXtE9tsv8dghImukPrcMIMbASKo5uGBdzsrwPc3vdPoq3sbetWA,mZk18MntQ3PN4fL1hGfta34HcPTHcDIj3XXDm0KFOAG12WdanVPAFaU12Xhor9upM2NJ4uTEzW7irg,0upHZfazclifN_YOEkZ_PPlLFFquEnJVwEjcr4gxN9ZTPQWQkn33XXcSuRyYmUIaB85hW9cxGWSMZg,aSPrCfr9te3UIUyA2zDoa5rCH2YefVDVlksnObJwHG1-umokZfUYHRmFsEapHczpMmCbdtEiEkPMlA
EUW1_7314592286,CLASSIC,35m 14s,False,Olaf,5,5,7,mDGicWPKxts1dNDcDTLpIEVl8oC1j4xdBBFb2GQUAZzNs0KzdTRCGLZiyyAf-s-AJ9pdUibGkYn8RQ,lnaAqKQAmbHny4GrqwoWRJ6dZhkgp0pMnBAbIN6RVZDj0memM78IuToZqldpcz9Vann-Ps2CULb15g,883Qc6v75qOYObeEEM8We8g1-YP3jUwVgjZpUdZMMsuEWfKO48NHjUT2Cc1DnmPNdw5DhH-Ty1OUgg,nMbIZRQrJPdgE1BofMcNqePKettDdBk3GCK1F258bmem4WGxeQZDOhjeNwo8G3XKe2Xn3tbSb2Z5tw,flNjmhaVy4r2qYzH-oed6wmcUMXcRmkfIqvG8K9z4UrhIT-5dFQAwnxtU91QzF4Y4TCD0flA441rmw,CA1aXeP9lBD0KT-2DSMFDb3UmdlctVgNyxSQWU7NSJXkCwVQPFEzZlfllSQh-9FWAioXwYZNVU79yQ,DOdbRtHYPftfinzdIRWGZ5L1O2y-FYKLzuO3cVTA_aBbmXHvcWfQ0MNjNMquvz-NaFZMo7-UltPjhw,aOm0Dt1HMag45SQvWuXdyMAy2EApJRthtfQrTluTf1Fgc-lKAGoyLu-pixG7dZosSm-JOPbeTUgEbA,ssY6OBBMwWPnpad-2tp3XFjgOQIW3_G1LoVXdfMf5CnNzwpqD8_PnZiljMIbhQ3J_YHQm1fFXbEkqw,MW75Ut0lg9IYMfIQNDSYfWIpMDNN1zrnUhuHovJYjPcptpXwAQibKqePvQZ4f--zBmnh-kOWLcdCpQ
EUW1_7314523697,CLASSIC,38m 54s,True,Darius,6,10,6,tYUHL9GxOLIGH5-vbgNUctfQfX9Om3RH7xQZv8hj4ReAc2Q91knhyJoaOb3AVgKHTyQuSO81E0Ggdw,LYqlAzXINeg66JOp6tyl6kFN0eMEhbH8CKx8ERXvVLZ4xCs-Ckf3txvJ1WGPd4Oc_pktslId14wzSg,7h7mTmC7C9nVRSA6Pf2Xw0-Kfvf80WSTeUJiS2Ssm59oD3AVCLKVuIe550Bcc-OwKezkA_bybpk_ig,hpZ0aJlB8igwCUhg7e12GBQ08dLhn5iTRszs4PfIDFcFewwrxuqYhxBTUNp2UkdBIHrruPk2p-1ihQ,ObLahzN2W4WFvl4ZAZZGG6qCeaiALbIc6MGq7gmu--J62-0fKMvXD1mml_-Cmmw_-unQB6wdfHXUBA,mDGicWPKxts1dNDcDTLpIEVl8oC1j4xdBBFb2GQUAZzNs0KzdTRCGLZiyyAf-s-AJ9pdUibGkYn8RQ,Ea1jOJizC-acMgN-1jp1H5gE2_ImFqrrl4hqCTRxWUcY7Oxo0M6ylxIvCGjLNgNGDSSErBpZbIfSNA,q9GbMhybDdas9JQnocOULJ9FFOp9rclV3vek6662kijqD6Aj4Vmazng4LCVQgrWrG2xhbgarJzC3xw,kI9nYCnyqoLlCTWo7EtyumEU4h60KbjHpW6EYLc105oDCmfe09s07aMzqi1dwKLdhC2FY9tCGJuHdQ,wiBoMDlktxGhLkmh4DtVWwDaG5qk__plEmGmG6xg_Wcv7iCb1_CcWQqRniuXrNRV4xeEOgr4Ay29_w
EUW1_7314444333,CLASSIC,41m 2s,True,Poppy,6,10,8,Rck_6ggWCO2jCgz_SbEgH2jBgTNW7ZdvLeDgiBaZKphZnOPpVQ6ykI7x3wTX7aqbXbhXd7yJD7sPwQ,FloR1ez2WRPsKSH5HDinW8keDjY3WZpdgHpwWBqZHOYOcuAjUb4TYCSxNKUHwAhEEwmWioYMlTIBZw,Qnch9P4-EeRKwcDfuK9qFtc9-G3A2e-NnGf4ssYK4qR-WXI-fMg29w_xl5qUKm9KpOQABXG7ynuDdg,-g9JG6EK1HAggXeR9q87EJqWI6r7sb_7JQ8Pt0AVjJzwawCnRUv02zTtDR7Bg-ZFIPK3_jy1AJAfQA,CWuZIxb_HS4lBPiTZaeB0MIuVKx2jPMBs4EV9ivR2uQHbRzwx7hTTmLV51rRuVzWBrz7ZrG5rdGyIA,MyocRahYcZVrCJ9BbKclCHN9Kn6n4lbyhJqpaXKiEa05SZ4tXKlivbPEtUxEC-fdTVeVZwy0hgqfaA,ir7MGt4QjjhvtK71owPBZcHFHg1XOc5oeQXbNnzVbjrQwf3hvUon0u10GpKHH5vu3E3wEtmcs5d30A,A8ct0okqXJH_rcilD239Q6Farilji82yWlh2WLBvGfTriypoHzxixfl05NIighuNQrULtfHpLdyyGA,9QN3wUfEaAlcOtIdppyB_nQAot9wZ92WFRtKamVmTgMFnW14PhS5cDS5sbRVPg7cGLBPuQt-pKXG4Q,mDGicWPKxts1dNDcDTLpIEVl8oC1j4xdBBFb2GQUAZzNs0KzdTRCGLZiyyAf-s-AJ9pdUibGkYn8RQ
EUW1_7314176538,CLASSIC,32m 57s,False,Darius,3,2,5,4rLYlUc9_tn0SkTBgKV-8ERp6fFqaVBN84lC72WlFCv7ffHI0s7ZIMsHMAad6dikEDnIt0Hkrpv5XQ,cxqd5pml5IztAEN5CTCefSAOjwE-ViRwyo1Vlk1U9q0Lxtv9s_2ftrljc0-fkMtDIntN5xHx5Op9sQ,xEBYu1MSPXGvXB2PUk7O9iNK-PC_JiV0A8dVaKzifKaYc8SyruGuAbukvcBpbjk0qwvx1tmoQCK1lg,NkLzA5iCNcOLAjzY_tFja0OKJBtUHsJ_iDKovFnGh9-TbPZb31LP2mlhmBPdCv8yAGtsovgg3jyakw,mGybscP6yh1QuQFrDQ9zZwz2xaEluKioGDeiCX8m-0VeRV9AR6cU3fc4wCohbsBaAc0jtKQd3LBoRQ,mDGicWPKxts1dNDcDTLpIEVl8oC1j4xdBBFb2GQUAZzNs0KzdTRCGLZiyyAf-s-AJ9pdUibGkYn8RQ,bPdaW3RJfIU9wQLzka0vMLFjZxGgbZ84FM56TCg371cJqhLT94x9prNLRvjbYFfJ7tqiHbrb6on2Kw,883Qc6v75qOYObeEEM8We8g1-YP3jUwVgjZpUdZMMsuEWfKO48NHjUT2Cc1DnmPNdw5DhH-Ty1OUgg,PT9Y1Oi2doyPgErvMpsPY3beX6kFpQyetwOswVquz_TSohL1HgOFPCZd-vcZfQNUxsLX0s_TgRTTvQ,EVOQ4sykeWfV9XOtTYtIfL5oAnbVeHEd7tEDV2_qMeRVzFckJ2OScsNZoXMwp11NnUD46Z0NeM0wog
EUW1_7314134580,CLASSIC,27m 58s,False,Mordekaiser,1,4,10,sf4pUFTp0dbt1n4-fDGJdsYIICNXSjXnrmG4cx0hwMukkOQMAfSDjTsGV2lmaWhFAKGJVrvCB1CtbQ,ya6zvfICeRBxKChRLWkNO_wvj1YnxspyMVn7GvluS6J06GCLgVmUDXNFbmTZKqNGbR9GPGbGhSnQiQ,uoyCUbrKbTQYaZmMs4G1S_VrxGdjeiUeflS_Q3JEcK4wYLsi37de5_G-brLJTXoSTT84kK-zDk04sg,k-wRpdftZs2xitKiD3YJ9qQCknuUPtcfx1W2V8lhtDooCX3ogDu6_57nZnxHqMFEaHsg_RViJkVHqw,RADaOTXbQdMQ6tEy381TwMg1_QQ-6wH62X9KieudMyuKH9Bz-Qs4ca7kKWNVTpnbyFpe0cxFSvNBvQ,mDGicWPKxts1dNDcDTLpIEVl8oC1j4xdBBFb2GQUAZzNs0KzdTRCGLZiyyAf-s-AJ9pdUibGkYn8RQ,KAfF7g41vsL4HPYeBIodJ8G8vVbCBWLD6h9qvt4Q_BwuisDSgNmnW2IiC4a-z6xnmGnLwx4lsF53oQ,883Qc6v75qOYObeEEM8We8g1-YP3jUwVgjZpUdZMMsuEWfKO48NHjUT2Cc1DnmPNdw5DhH-Ty1OUgg,ZIWA0lsQw8Fb_m36Tr03MMT9TebS36xKykT-Eyx35Q_xfV49Kqr12QX1OsSVhyrriPJNUyPP7QLifA,YqP4H2uCaOvP1hWWZt8pDdrfayT6OwQZ-5_Xeaz5HijN4jsSSZh-87jL5y0ESj35NpSs891ixDwwGQ
EUW1_7314088457,CLASSIC,35m 43s,False,Darius,3,5,7,Hk1xiwL1yMi8pIROs7y6JGXngpCWodfqaF6-2t9Rm_IlvpGq8a-ZnpbKOG1hFpc8kVQKQE8gwlAHFg,XVg8_S15olF-0cjV9o7hFrAIdvvDmI8wGI-SNo0wSbbceKum6WUMbjQCTo-EbQjppEchwTmqNCm-HQ,rhf-XYH3nLdN6dYLgsrg7nYUjv_U0KF__ZYc8pbwaLCclurPi5fDH9IR8GG-k-TmNfbIzZWthLNLEg,_7HQ9sjHj3Ys3FdKaFh_WPWI-rBl1tEdXRj5eCU5JmJ66pb3lp9GerUuVwAAGlkz6dq6i6t7jY64nw,MxkUZXUDA5rAuuC2MaJPfrDURVPIxQYrxWFZLeXQiwmaRkJaS4krZHoR5V6Y-ST1nmOt7QsnK8vc3A,mDGicWPKxts1dNDcDTLpIEVl8oC1j4xdBBFb2GQUAZzNs0KzdTRCGLZiyyAf-s-AJ9pdUibGkYn8RQ,3YUbZRiS1cD78puKHr6nK-1uZdgTha3mZO5Eski0IhfCh56vlCeLcVB6qAgQh5pIhXMPeIxqLwXr1Q,883Qc6v75qOYObeEEM8We8g1-YP3jUwVgjZpUdZMMsuEWfKO48NHjUT2Cc1DnmPNdw5DhH-Ty1OUgg,68oNt2y4er8AKZnE78ITlTVXOz7tscAXiSUPlr0IHmOZKxgFNF57H0tK1M_uK_6NN1C_3QRacgLeKQ,URzwtbY-98NO4ar8fRanDaEnoAZHBmh-Mt082yrrQf6FeUJZqpvbeH5oriLCQclZeZ3rnC0hTtoLMA
EUW1_7314031020,CLASSIC,47m 9s,True,Darius,5,8,7,mDGicWPKxts1dNDcDTLpIEVl8oC1j4xdBBFb2GQUAZzNs0KzdTRCGLZiyyAf-s-AJ9pdUibGkYn8RQ,2LOwNBa3AtQBYCONpfaZwN7T-PS63_ArCKot94zPMRpdrH9xs1B8fE4ziIAMCaaZ-pS_UyrI-X2F9Q,883Qc6v75qOYObeEEM8We8g1-YP3jUwVgjZpUdZMMsuEWfKO48NHjUT2Cc1DnmPNdw5DhH-Ty1OUgg,MOcK14tWHFRrA186dCxaqG3oe6bJkOrW2lryeUP1_z3mGBwkzqJ-LWlNad3I21_dCZBSlUrB_aA4pg,esqvUfWLmHxMUr5Cde-aE2OdaSkFBkksz9IKt5kf-d6DVGy7RFamBHcAtnd5in_vEPxdmsV3bcEKUw,mohIXiadr1SjclYs__v2daCLUzr2v159sVNjCMnkxS7lzw_vQFloAAqnO4nOKf-IIkS8hpf0EiRJXA,mBqjfJv9ybR6FMrySoryz8tJNAG5oaO0WkGJjmQnGnmEEw6VGtvnRPS76PMT53LQezHZKPTGs2w6Iw,1n0sUUOSTyk0emoZafJKML6QYIAZGNdB3xHIXx_6izs73GsjPvG0tfGvifLWer7OZMsIWjOpMSw10A,ITXaePYx-Qrmw3hlLl9xZhoaIDn7mBSV2mo0_nyi--TUXuDSsBfy4FZOgj76oXwVDg0OS8yxrd0Jdw,INoSE7xDpst6L_bDS91o9SINIwb57fnmnQpgNs5CoxEU4ryeNIVE3M4UlPxWa9ZxPqEWJGmITj68-Q
EUW1_7314005500,CLASSIC,31m 36s,False,Darius,3,6,7,mDGicWPKxts1dNDcDTLpIEVl8oC1j4xdBBFb2GQUAZzNs0KzdTRCGLZiyyAf-s-AJ9pdUibGkYn8RQ,uveQ0Vygm9mm8ImXQ_0fu1Evl0GE48H-ABp060i8LYTpUay4Hhgybp1z9LdECvRkTG-hrPFRdGKkwQ,883Qc6v75qOYObeEEM8We8g1-YP3jUwVgjZpUdZMMsuEWfKO48NHjUT2Cc1DnmPNdw5DhH-Ty1OUgg,Q0mdAPhJmsLYklkd1xrzzKc6_90IN0Lm1a3V2UpPbsFzgrOXawpoZK52K7a4MSv3fbleS7wPRdZpIw,i5AOFJrn5sG9yhSE2Xri_JNG2eCiqkkBIrSF55DgXjRbRoEccnI-EFbZ7lMMXAh8ny7QQpPE2IPqcA,gc__Ijn9MC9swBn9VXu2dA1TKwWMkeKi0MVaWJ9Y1nYo2Pv2Vz6Ne5acz15TY2mdmBzSYNpE12D2Ug,wn6GwK4u-vatqczG-a47DEOfn9k2X557uIxwCOy6BCp9sQ8fooMLDM_cMSYlDbDDeFtbRZnluumx0w,cFpZOfcTgTgIXZN0unr4fwaB_c6uZ_x4JHziZI9Nj4nXMpJir65MrKJ0p7fwwPZsjpM_nY_NQ6cGBg,wFxTLOxuuMIO_Mk6efBqAbW3-kswddXV9W-TbF8Nu9iaK6Hu0MOEKl2QuHjKnZqZlVu4g5ky7gXDrA,UuXvEgDInxcdkAAo6QHLy1yc0B2R-8SsykEwbQHN2i29kxW-c51_m2WR4fjlxutp9GKkOkn4Sh1fCg
