Mario,III,BRONZE,549
I Play Nunu,IV,BRONZE,400
BuwGii,IV,BRONZE,465
mikocorneto,IV,SILVER,839
SKT E1 GeNNaDCH,IV,BRONZE,440
1344111461115211,III,BRONZE,561
samuelete,IV,IRON,0
DorryDemon,II,IRON,222
Elfey2,III,IRON,147
Tolga,IV,IRON,41
ETS LivingSmgma,III,BRONZE,566
buccetta,IV,IRON,46
SUMATO99,II,IRON,299
Realtys,I,IRON,309
Zykage,III,BRONZE,508
river,I,BRONZE,775
KC BEBOU,III,IRON,148
be rock,IV,BRONZE,428
THE VOID,II,BRONZE,637
the MPL93demon93,IV,SILVER,806
braxasm,II,IRON,283
MaoKapow,IV,BRONZE,474
Notroyn,I,IRON,324
Mr RaveHard,IV,IRON,0
JUSTSCHNITZ3L,II,BRONZE,677
rainyala,III,IRON,143
BERSERKWAY,III,SILVER,945
Hosannaaaaaaaaaa,II,IRON,229
melonusk31,III,IRON,179
Setratec,II,IRON,281
Phillphox,IV,SILVER,872
Naafiri on fire,IV,BRONZE,464
Reiko1991,I,IRON,388
robben33,II,BRONZE,612
TC CyberZ,III,BRONZE,504
Livscent,I,IRON,396
deadpoolman01500,IV,BRONZE,466
SwissKo,III,BRONZE,578
NF SwedishGirls,IV,IRON,25
BullBaldu,II,IRON,266
Gyllis,II,BRONZE,622
DΛrthrσσfΣr,III,IRON,174
Red Fox cat,II,IRON,270
Rantzau,III,IRON,169
Chefboyrw33d,I,IRON,309
AristideBriar,IV,BRONZE,416
Predadif,III,BRONZE,558
Rom2978,III,IRON,146
Otpderien,IV,SILVER,863
never get greedy,IV,SILVER,824
Jasanbo,IV,BRONZE,480
2 Old for this ,III,IRON,169
D0nTneedU,I,IRON,392
selenophile,IV,IRON,48
Jean Manchsec,II,IRON,225
Zahamaz,IV,BRONZE,459
osklih,II,BRONZE,655
Daddy Brim,II,IRON,298
Edelherb,I,IRON,352
HannibalTUN07,III,BRONZE,503
seqsibiji,IV,BRONZE,400
Playboi Fatty,IV,BRONZE,400
Hadeslahess,IV,GOLD,1231
Nasthree,IV,IRON,0
CyberPredator,III,IRON,135
Reptile0802,IV,BRONZE,487
BR SOLDIERDARK,IV,SILVER,857
Zodi4ck,I,IRON,318
Patdorious,I,IRON,362
REALXZED,II,IRON,232
EvoS8,I,IRON,364
lostfromlight,III,BRONZE,532
Himaawari,I,IRON,383
Alturing,II,IRON,253
Flirt with me,IV,BRONZE,495
csgoc4,I,IRON,307
L0U,IV,SILVER,872
Grechacci,III,BRONZE,554
dearyaboku,IV,IRON,76
JE RATIO MRC,IV,IRON,32
heppsche,II,BRONZE,692
abasfarahdel,III,IRON,135
T0mib0,IV,BRONZE,453
regîon,II,SILVER,1063
damnLouie,I,IRON,354
Best Legend,III,IRON,179
SnippidyMcPipp,II,BRONZE,636
RedmorningInTop,II,BRONZE,612
izaliar,II,IRON,264
Esludaf,IV,BRONZE,422
Ananksunamun,II,BRONZE,617
STRUMAAA,III,BRONZE,577
oLove Scholz,III,BRONZE,511
kardiaks,IV,SILVER,867
JuleXt,III,IRON,190
tizi127,I,IRON,384
StrawberrryPie,III,IRON,138
GSG 9,I,BRONZE,720
Russay,III,BRONZE,568
Jegegg,III,IRON,129
